name_text,sentiment,score_text,full_text
Wanda Maurel,negative,3,Gak tau malas liatnya
Hatta Em Sukarno,negative,1,ikutin trend aja
Riski Maulana,negative,1,"Power creep nya sangat overkill, gamenya jadi gak seru, masa solusi biar gamenya seru cuma HP inflation musuh, ngeselin banget."
and isyah,positive,5,i like a story game
Boje Kinta,negative,1,"game p2w, powercreep trus , scene story sampah.. pindah wuwa aja aku"
Dark nines,positive,5,Gamenya bagus dan Interactive
agnes safitri,positive,5,kurangi power creep gila
Syahrul Surya,negative,1,"Harus memakai karakter meta/baru sedangkan karakter lama sudah sedikit yang terpakai dan solusi akan selalu mengarah untuk meng gacha yang baru, terasa pay to win"
Rubyyy,negative,1,"Suck development. no new 4 stars, bad story, theres nothing than hp inflation on every update. Not gonna play this game anymore."
Farel Ramadhan,positive,5,game baik
Pebiana,positive,5,"game nya seru apalagi diversi sekarang, walaupun power creep, berasa ga rugi comeback di versi ini 😋, dlu sempat sih pas pertama kali donwload cuma main bentar, akhirnya sekarang comeback"
yulie sun,positive,5,lovely little game
Aku Saya,negative,1,party well build masa masih ngos-ngosan di moc. jingliu gw damage nya udah kaya gigit semut njir
MAULANA,positive,5,nice game
moona,positive,5,kasian aik jadi 3.6* rating nya🗿
Hyace,negative,1,"skip button, i dont wanna hear your rappa yapping 7hour"
Yorgie Raka,positive,5,aku nggak terlalu peduli soal karakter castorice op skill atau apapun itu selama mereka menyajikan story bagus aku akan pakai semua yg kupunya
Brian Evans,positive,4,"bagus bagus ae sih, banyak yang ngeluh soal global passive, mending turunin dah tuh HP boss di moc"
Ren,positive,5,"I don't know what to say but this game is very good, it just has some very annoying bugs, please fix them soon."
Zofia YT,negative,1,remove castorice global passive!!!
Akram Hadi,positive,5,well well well
Egi Firnando,positive,4,overall game nya bagus story juga bagus tapi rasanya story nya itu panjang banget mana GK bisa skip lagi jadi ngebikin story nya jadi panjang dan ngantuk tapi dari semua itu lumayan banyak event untuk mendapatkan star jade tapi entah knp makin ke sini musuh nya makin GK masuk akal makin keras harus membawa Shield/heal tapi percuma kalau dps nya GK kerasa walau cr/cdm udh gede tetap resisten musuh besar banget semoga bisa di perbaiki lagi untuk masalah ini
Muhammad Farkhannudin,negative,1,powercreep gila
Boboiboy,positive,5,bagus
Kecoa Terbang,positive,5,"lanjutkan hoyoverse, yg pada yapping juga lanjutkan aja:v"
Muhammad Sahir,neutral,5,min tambahkan tombol skip nya min
Habilal,negative,1,gw suka game lu tapi kalo gk d kasih b1 gak bakal berubah jadi yah skrg gw kasih b1 sampe lu berubah entar gw ubah lagi klo udh bebenah untuk keluhan gw sama kayak player- player lain tinggal lu baca di bintang 1 mayoritas yg mereka keluhin apa
satria elang,negative,1,hapus global pasif
Cecilia Alcott,negative,1,Remove Global Passive
Destiny Child,negative,3,tolong di evaluasi lagi masalah balancingnya.
Gacha Ampas,negative,1,Saya ingin refund karakter limited yang masuk ke standar banner
Alvin Jufi Santoso,negative,1,No global passive 📣📣
Paimon Kaslana,negative,1,"semenjak ada sistem global passive, ini game udah ga asik lagi. Masa mesti ambilin karakter tertentu yang punya pasif begituan tiap dirilis?! intinya anniversary kedua Star Rail udah mulai kasih lihat jeleknya Mihotod. tidak disarankan bagi player baru main yang ga punya salah satu karakter dengan global passive ini. pasti bakalan kewalahan dah kelarin end game content. Ane aja bakalan berenti maenin ini game kalo sekiranya kedepan bakal lebih susah lagi ngelarin MoC dan sebagainya."
Kaka Tri galuh s,negative,1,"ini game makin ke sini makin kurang karna adanya powecreep apalagi tidak adanya lagi karakter b4 developer tidak mendenga kami sebagai player. ya kami tahu ini game kalian,kalian yang mambuat,kami yang menikmatinya tapi kalian harus tahu berjayanya sebuah game atau permainan entah itu jelek atau bagus itu tergantung dari player yang memainkan game tersebut.sehenganya kalian dengarkan lah kami sebagai player."
Randy,positive,5,"saran aja, kurangi powercreep nya bang hehehe😅"
Arleywin,negative,1,REMOVE GLOBAL PASSIVE
Enuo Kim,negative,1,pihak hoyokon hanya akan berkata mohon maaf tapi hasilnya tetap sama
Raiz Nagato,positive,4,mantp
Pejuang Daily,negative,1,powercreep ga ngotak
Muhammad rayhan Al-rasid,positive,5,sejujurnya saya gak terlalu peduli dengan power creep sama hp inflasi soalnya saya tipikal orang yang fokus story 🗿
MONEY EASY,positive,5,"PEAK GAME HOYOVERS!!! AKU CINTA GAME INI, TERIMAKASIH KARNA AKAN MEMBERIKAN RUAN MEI"
Marcellinus Tegar Prasetyo,negative,1,"powercreep ga ngotak, tolong developer buff semua car dan nerf darah dari bos dan keroconya"
fath oni,negative,2,"gak setuju kalau ada global pasif, karna= 1.bikin power creep lebih gila dari biasanya dan dampak nya jika global pasif di terusin /akan lebih banyak char GP akan membikin game ini tidak akan nyaman lagi untuk di mainkan karna kita di paksa untuk mengacha char dan saya takutkan game ini akan Dead"
Kahfi Dida Syahputra,negative,1,Masalah powercreep dari karakter baru sangat mengganggu menurutku.
Cap Cuz Ahay,negative,1,power creep.pay to win
Naga mahardika Wardhana,positive,5,Game santai. story menarik. tinggal butuh hoki. aman bre
Sandy Oktavianto,negative,1,developer mata duitan
Ferrn Imashio,negative,1,"skip button for f2p player, cuz this game got too much powercreep, give us skip button!!!"
Aditya Tri Saputra,positive,5,tolong star jade dan karakter b4ny di perbanyak
Kei Herman,negative,1,"When I first saw this game, I genuinely loved it. Overtime, the game got worser and worser as power creep in the game started making old characters feel like a crutch to play as. Not to mention the constant increase in HP for endgame bosses that make fighting them feel worser without spending money for the new characters. The recent global passive for new characters sets a bad precedence that will ultimately ruin the game's fundamental design. I can't recommend this game for new players anymore."
Raja Mainstream,negative,1,plies fix powercreep character and hp enemy inflation. you guys make the characters we collected useless
Ripal z,positive,5,What amazing game 🤩🥶
Ikbal Maulana Azis,negative,1,udah main lama dan udah top up juga masih kalah aja di end game konten selalu susah
Aris Sonjaya,positive,5,"gamenya bagus kok, untuk yang F2P sudah nikmatin aja gamenya gk usah ribut masalah powercreep selagi game bisa di download gratis dan banyak bansos nikmatin aja dulu"
terra,negative,1,not hearing and caring about player.. don't played
Tukang Baju,positive,3,BINTANG 4 BARU WOY MANA UDAH MAU 5 PATCH NI
Asan,negative,1,parah banget udah power creep gila gilaan tinggal kayak dulu aja apa susah nya sih njir!? (kalo kayak yang dulu game nya jadi bosenin) lah emang dulu ada yang ngeluh bosen apa gimana? aman aman aja kok dulu
Timotius Arifin laurentdra,positive,5,"main game ini untuk santai gatcha dpt waifu, senang dengan fitur auto fight nya jadi bisa dimainkan walau sedang sibuk kerja. utk end game konten gak terlalu maksa buat dapat full star jadi masih aman2 saja. tidak perlu ngeluh teriak2 powercreep gila. soal main story nya cuma bisa main pas hari libur weekend. jadi tetap bisa dinikmatin gak perlu koar2 minta tombol skip. suka dengan world building nya dalam cerita gamenya jadi sering cari fanfiction yg berkaitan dengan hsr."
ACH. RIFA'I MUBAROK,negative,1,penyakit powercreep gila
Gun,positive,5,Best
Andre Setyawan,positive,5,"Buat kalian player-player yg budiman,masalah powercreep char bisa diatasi dengan relic dn party yg sesuai kalian Player gratisan dri awal dah digampangin,dikasih gampang ngeluh gk tertantang giliran hard dkit sok paling terpowercreep lah ya kalian maen yg dicari apanya klo gtu mulu bodo.Masalah story yg isinya yapping doang dikit gelutnya,Ya namanya juga game STORY KOCAK mendalami tiap masalahnya apa char gmn latarnya.Disini gw bukan penyefong yak cuman klo klian gk mampu gosah nyalahin gamenya."
Widi Nugroho2,positive,5,game yg banyak bonus nya dan keren bgus. top
Anadya. 04,positive,3,"This game indeed has an incredible performance in it's graphics and storytelling, especially in Penacony where there are many people awaiting for it's continuation even after finishing, the team continuing progress in this game at that time must've consist of great members to produce such thing in Honkai Star Rail... However I'm afraid that I also have to submit my critiques to Honkai Star Rail's powercreep situation, I know Hoyoverse wants benefit from their games but this is ridiculous..."
Rio Prnm,positive,1,nice dev
G wibisono,negative,1,powercreep asu
Rio Dermawan,positive,5,nih aku gb biar B5
Mika Mika,positive,5,oi jangan begitu lah hoyo udah berusaha dengan baik gk boleh lah spam bintang 1
Onichan Daisuki,positive,5,game bagus bansos melimpah
F_Raffi Alfandi,negative,1,plis don't P2W
Rendy Siswanto,negative,1,powercreep babi
Ahmad Bara H_D4 Teknik Listrik,negative,1,Gas sampe EoS.
Qubby,negative,1,remove global passive
ivan arip,negative,1,"saya suka konsep dan gameplay dari game ini tapi beberapa pengembangan waktu yang lalu terjadi powercreep yg sangat mengganggu, moc yang tidak masuk akal baik dari musuh yang dibuat selalu sesuai banner char rate up yang di gacha dan HP(Health Point) yang dibuat terlalu tinggi untuk char lampau. mohon untuk memperbaiki powercreep ini sehingga game dapat dinikmati oleh semua pemain hsr baik free ataupun pay"
Devinzha Saputra,positive,5,"salah satu game turn based terbagus yang pernah ku mainkan mulai dari character design yang bagus,story yang gak bosenin walaupun di awal-awal boring terutama di xianzhou dan yang paling penting gak kikir kayak gi,masalah di nih game ada di power creep gak ngotak sama hp inflation yang terus meningkat yang menyebabkan karakter dps lama jadi susah bersaing sama karakter baru yang dmg nya lebih tinggi"
Ivory Tubbsu,negative,1,"baru kali ini saya merasakan rasa kecewa terhadap hsr yang mengimplementasikan global passive seperti castorice... memang passive nya tidak terlalu bagus, namun jika dibiarkan pasti akan lebih banyak character yang memiliki global passive tersebut"
Indopark,negative,1,revamp global pasif.. is not fun anymore
_kkei riin,negative,1,"Mihoyoo beri aku bladeee, sumpah dah aku udh 80 pull g dpt² :) game nya bagus kok hehe"
Farrel,positive,5,game baik🥰🥰
Fariz,negative,1,"Hadeuh malah makin gacha predator nih game. awal nya seru malah nambah ancur aja dengan update global passive, POWERCREEP aje tuh semua sama harus ada karakter global passive yang bisa ningkatin chance% gacha nya. yg ngelindungi game ini bloon semua"
Azwan Awal Ramadhan,negative,1,Sangat kecewa dengan update kali ini
andri bayu,negative,1,characternya mudah terpower creep. bahkan mungkin kedepannya Feixiao/Firefly sudah tak terpakai lagi
Raja neptunus,negative,1,"powercreep gila 😂, tiap pacth selalu perlu karakter baru demi mempermudah endgame konten sedangkan katakter lama tidak ada buff dan jadi tidak berguna"
FaizFun,negative,1,dengerin kata player!!
Wilbert Winata,positive,5,game bagus
farel ruben,negative,1,gak ngotak
Bayu Ajunda Winata,positive,5,game hebat tidack kimkir
Zikri Ramadhani,negative,1,pay to play
Elfllyn's Shiro,negative,1,Please kurangi pitty ny
Nur Sang Giri,negative,1,developer terlalu fokus pada char terbaru sehingga memaksa pemain untuk terus mengambil char terbaru.
Benny Hefriadi,negative,1,game haram tidak berfaedah
Fauzy Wahyudi,negative,1,dipikir sendiri aja kenapa dikasih bintang 1.
Asrory Mobille,negative,1,"not fun , hard pity"
giyofan ahmad febriansyah,positive,5,"game ini bagus cuma perlu penyesuaian untung karakter lama yang perlu di rerun agar karakter tidak monoton yang di pakai tiap main.untuk hadiah pemula, sudah cukup baik.kekurangan yang menurut saya sangat fatal yaitu karakter baru yang sangat di butuh kan, dengan begitu karakter yang lama makin tidak laku terutama untuk update 3.2 bakal ada 1 karakter yang terlalu op dan akan membuat game jadi tidak seru🫡.untuk yang lain sudah bagus cuma sedikit monoton untuk story.dan untuk update sekian.🗿"
M-a Aziz (Maz),negative,2,"geme bagus , def bodo ngasih buff nerfnya"
Pandu Samudra,negative,1,penyakit powercreep gila 🫨
Reno Adi Veryanto_Sistem teknologi informasi,positive,5,"saya sebagai player yang ikut pra registrasi sampai versi terbaru. Gak terlalu permasalahkan isu isu yang ada. Secara inflasi HP mungkin iya bermasalah. Tapi saya main game bukan buat kompetitif, cuma buat sekedar hiburan jadi aman aman aja."
Satrio Andiko N,negative,1,"Jujur, awal rilis seneng banget sama game ini. Tapi lama kelamaan penyampaian cerita makin membosankan. Penulis pengen bikin cerita filosofis, tapi ga masuk karena pembawaannya ga enak diikutin. Saya paham game live service memang dirancang buat cerita lambat, tapi ga gini juga juga lah ya. Saya kebiasa nonton film/series dan main game AAA dengan story lambat, tapi tetap bisa enjoy karena pembawaannya oke. Sedangkan HSR ini terlalu banyak kekurangan pada penyampaian atau pembawaan cerita."
Izmael The Spacebeast,negative,2,"Game mid. awal awal suka, cuman makin kesini makin keliatan kekurangan ini game. Yang bikin kaget, gak banyak orang yang membicarakan kekurangan ini game. Aneh sih, cuman karena dibuat Hoyo belum tentu bagus."
Dobleh SES,negative,1,buat f2p bener2 susah buat gacha char lagi dan lagi karena powercreep yg disengaja
Jonathan Joseph,negative,3,mid af
Van Nistel Roy Lees,negative,1,powercreep parah
Iqbal Aufi,negative,1,power creep gilaa🤪
Rgm Gaming,positive,5,Game ini baik tidak kikir banyak bansos
Taufiq Muhammad,positive,5,haters always hate
Ari Arta Nugraha,negative,1,"jangan rusak game dengan ada global pasif, tolong ditambahkan juga karakter bintang 4"
Ramdhika Hafizaya putra,negative,1,"sampah,global passive mekanik paling sampah yang pernah gw liat😮‍💨"
putri saraswati renaldhyani,positive,5,"ak suka semua game mihoyo, moga ak bisa ngumpulin husbu""ku di hsr🤗💗"
Nandi Septiana Falah,negative,1,"Boss Hp inflation, konten end game tryhard dikhususkan bagi character baru, powercreep gila character lawas minimal buff lah, kurangnya character B4, hadiah event semakin sedikit, kit character baru tidak adil khususnya Global Passive (Castorice) akan menjadi tidak ramah bagi pemain yang baru, dan juga developor acuh tidak mendengar keluh kesah pemain, bener² aib game turn base"
Herdian Pradana,positive,5,untuk penikmat stori dan desain karakter ini game udh bagus banget. cuma agak minus di power creep yg kejam aja
Akbar Riadi Yuwono,negative,1,Game Terbaik!! TERBAIK KIKIRNYA!! GAME GACHA LAIN SUJUD SAMA NIH GAME!!
Janitor MR,positive,5,"harap global pasive di ilangin🙏🙏🙏,ini bisa merusak efesien main game.bisa jadi membosankan."
Rauf arasyid,negative,1,"Please return HSR to how it was before, there is no excessive power creep, in my opinion there is nothing wrong with power creep, but it is still within reasonable limits, but now it is above the reasonable limit when there is a new character limit / new dps it is almost 100% broken"
Daniel Jefri,negative,1,mending main zzz
Good Luck,positive,5,Asik rek
Kletoy Gaming,positive,3,maaf hsr ku ga full star hehe karena aku skill isu?atau buff moc dan konten late game tidak menguntungkan karakter ku?
Rehan Amru,positive,5,"saya sebagai penyuka game gacha sangat rekomendasi untuk bermain game ini,akan tetapi jangan terlalu serius untuk memainkan sebuah game apalagi yang f2p banyak bet jir keluhanya harusnya bersyukur dikasih bansos yang banyak dan Waifu yang cantik gak dari model saja tapi dari gameplay juga animasi dan grafiknya,just playing the game and enjoy bro"
"Shiraori ,-",negative,1,powerkrispi yang ga sebanding sama pendapatan bulanan
Andreas Dwijayanto,negative,2,power creep & Hp boss makin gk masuk akal
Leo Cancer,negative,1,Global pasiv casto sudah pasti boomerang bagi player kdpanya yang akan makin banyak global pasiv lain bermunculan yang artinya kita player jadi di haruskan gacha-top up stiap banner kalau mau bisa slesaikan end all konten . 👎🏽
Yoga Yuwan,negative,1,Mulai tidak 'sehat' ini game.
choco,negative,1,limpiar pasivo global
Helmie,negative,1,game lumayan baik
Raihan Fajar,positive,5,good game
Mizuki Akiyama,negative,1,"Menanggapi masalah ini, pengembang HoYoverse menyatakan komitmen untuk menjaga keseimbangan permainan dengan mempertimbangkan statistik karakter, memperkenalkan mekanik dan konten baru, serta mendengarkan umpan balik pemain. Mereka berusaha memastikan bahwa karakter dan peralatan baru tidak terlalu kuat sehingga mengesampingkan unit-unit lama, dan bahwa pemain memiliki berbagai strategi dan opsi untuk dieksplorasi. ​"
Ilham Hafidin,negative,1,F for global effect
M.miftahur Rahman,positive,4,Semoga lebih baik
Fuji Sugiontaro,positive,5,aku memulai bermain saat game ini saat bejalan di 2.5 sampai sekarang story amphoreus banyak improve kelebih bagus menurut ku . tapi aku tak memahami mengapa bayang yang berpendapat sebaliknya
Achmad Syaikhu,negative,1,"Terlalu Memaksa Player untuk Gacha Charakter terbaru, Dan Gacha Slalu Hard Pitty Dan Rate off"
Nao tomori,negative,1,ikut ikutan doang😹
Bukan Gamer,positive,5,game para sigma
Fadhil Hafid,negative,1,"WOI NGOTAKLAH HOYO, POWERCREEP GILA GILAAN KE,GLOBAL PASSIVE CASTORICE,AMA STORYNYA KELAMAAN KEPANJANGAN TAU NG,KECEWA GW SETELAH 1 TAHUN MAIN"
Ahmad Fauzi,negative,1,penyakit powercreep gila
SOTEL GANZZ,positive,5,I love the gameee!!!
Mekiyanti Rockyeah,negative,1,powercreep nya nge power creeppin rasa suka ku ke hsr...
Fazril Dwiryanto,positive,5,game nya sangat bagus
Tara Azam,positive,5,"Gamenya sangat lah baik,lebih baik dari game sebelah🫢✋️😐🤚"
Ness,negative,3,Honkai Powercreep rail💔💔🥀🥀
Lee Suu,positive,5,Support global passive
Irwan Gunawan,positive,1,game baik
Dimas Rafi,negative,1,"Powercreep berlebihan, hp inflation, hingga favoritism terhadap karakter tertentu doang."
Maulana Imam Prasetyanto,positive,5,SUPPORT GLOBAL PASSIVE!!!!
Dante Sparda,negative,1,makan tu global pasive
Mohamad Hilman Rizki Rinaldy,negative,1,big L global passive
LEVIN GTPS,positive,5,"PowerCreep? womp womp, just get better at the game 🫵😂"
Adit Safarulloh,negative,1,"game busuk gua udah top up banyak di game ini,tetep aja buat end game keteteran terlalu gila power creep nya.pliss fix your fungking game hoyosit"
EnemyChaser,negative,1,"""Hp Inflation, Powercreep, Imbalance"" Star Rail😛"
Rio Yrd,negative,1,Game ini sudah tidak fun
J Kurniawan,positive,5,"ini salah satu game terbaik yang pernah saya mainkan, developer nya tidak kikir dan memberikan banyak bansos, walaupun gameplay ngantuk yang penting gak loss di target banner, terimakasih game baik. jangan kikir kek sebelah"
Dhani Putra,negative,2,turun bintang karena hp inflation ga ngotak
Semanggi sunbol,negative,1,"if you want make global castorice passive, you need make castorice free. so all player can use the passive skill"
Ahmad Nand,negative,1,what a bad gat
Cheryll,negative,2,"Jujur Aku ga kecewa sama story, lore dan design charnya. Tpi Aku berasa b*5 charnya kebanyakan daripada b*4 char dan kebanyakkan pada bingung harus pull siapa, Terus tentang hadiah Anniv jujur itu udh oke bgt yah walaupun event2 nya hadiah nya agak ampas. beberapa char yang dlunya powercreep skrng udh ga terpaksa harus gacha char yang baru, boss nya juga susah di lawan padahal build char udh oke dan juga kebanyakkan bug blackscreen saat mamasuki animasi story nya."
Marieta Yulia,positive,5,gacorrr parah ni game
sklsheesh,negative,1,global passive? L game
Rangga Dwii,positive,5,Bagus. Cuma butuh penyesuaian karakter yang terbilang lama atau old untuk tetep op dan bisa bersaing dengan character baru karna saya merasakan karakter yang terbilang sudah lama agak kurang kemampuan nya di Bandung karakter baru atau orang orang hsr bilang powecreep yaa jujur itu cukup berimpact besar untuk selain itu udah mantap good luck hsr
M.Abiansyah 1206,positive,5,seru
muh hafizh,positive,5,"Permainan nya cukup sederhana dan bansos cukup banyak untuk Player f2p, overall saya cukup suka, meskipun power creep, hp inflasi, high pity, dan pasif global yang lagi di koar-koarkan"
Tri Agung Prayoga,negative,1,"powercreep gila, global pasif gila, hp inflasi gila."
Denny Senjaya,positive,5,ga ada pvp aja pakai protes ga suka tinggal ga usah maen aja.
Achmad Ghiffari Shufi,negative,1,"apa apaan coba, ngebuild char 2 bulan baru jadi eh malah kalah meta terus Gk guna kapan bisa digunain itu char coba? buat daily doang? aneh bet aneh bet, power creep hp inflation gila."
ilham maulana,negative,1,"AND NOW...I CAN'T PLAY THE CHARACTER I LIKE , BECAUSE THEY ARE TOO WEAK NOW. GOOD BYE GUYS, AUTO UNINSTALL."
Jerremia Two,negative,1,"hilangkan gobal pasif, hentikan pemerasan kepada player"
Surya Wan,negative,1,tidak ramah f2p
Masaru J.J,positive,5,Good game!
Rizqo Aji P,negative,1,"Udahlah kemaren aja gak bisa ngapa2in, nguli cuman dari story sama event, akhirnya ketinggalan banner yang dipengen cuman buat endgame aman biar bisa nguli dengan aman. Malah dikasih gimik baru"
3IA28_Muchammad Fadhli Rochman,positive,5,game baik
Buana Cahya Wijaya,negative,1,"tidak ramah f2p, munculnya karakter baru selalu memiliki kemampuan lebih baik dari segi gameplay, maupun multiplyng dmg juga jauh dari karakter lama. inflasi hp boss yang semakin ga karuan bener2 ngebuat player kecewa karena karakter yang sudah didapatkan dengan susah payah tidak berharga lagi."
Zhongli ChanUwU,positive,4,"Kasih 4 dulu sementara karna aku adalah player F2p setelah melihat casto aku merasa agak susah buat battle buat kedepannya, Aku harap Dev nya mendengar🙏 untuk story sangat bagus walau yapping, Aku suka story Hsr🗿🙏🙏🙏 skip casto buat Phainon"
Muhammad Indra Muslimin Idris,negative,1,please remove global passive
HABIB SYAHRU NURRAMDHAN,negative,1,"game powercreep gila, story di planet baru 3.0 tidak terlalu seru dibandingkan story penacony di 2.0-2.3 apalagi story kali ini terlalu panjang durasinya, butuh karakter b4 baru dan butuh fitur skip untuk story biru yang ecek-ecek tapi banyak yapping nya. Lalu setelah rilisnya wuthering waves saya jadi tau siapa developer yang mendengar dan yang batu( hanya mendengar disaat server main land menyerang)🗿"
Refan Pratama,negative,1,tolong upgrade karakter bintang 5 yang lama
Raes Panca Gustika,negative,1,POWERCREPPPP GILAAAAAAAAAÀAAAAAAAAAAAÀAAAAAAAAAAA
Lukman Ilyasa,negative,1,"sebagai player yg maen dri awal rilis, makin lama developer makin ga dengerin playernya"
Wayan Wijaya,positive,5,sangat memuaskan jangan dengerin bocil fomo hoyo good job
Ahmad,negative,1,mengapa kalian mematikan karakter trianne padahal gadis itu layak mendapatkan hasil akhir yang bahagia
Dwi Apri,positive,5,"game yang bagus, story dan cutscene menarik juga saya suka gameplay tiap karakternya. tapi tetep aja saya sedikit terganggu dengan hp inflation nya dan masalah black screen di story sebenarnya ngga terlalu mengganggu selama ngga terlalu banyak aja. semoga developer mendengar saran dari para playernya"
Destet Free,negative,1,Passive global delete trash game
Undead Knightverse,positive,5,thanks You Honkai star rails and Thank you Dawei And Shaoji. good luck anniversary 2
Hanzzy Limitless,positive,5,mantap i love you muachh❤️‍🔥
Dewi Lestari,positive,5,sangat memuaskan god job hoyong jqbgqn dengerin bocil drama
Fatih Tzy,positive,5,"selagi bukan bubub Firefly yang dibikin jelek, itu gak masalah😁"
Dheas marrio Ilham prasetyo,negative,1,"gua ga terlalu masalah sama global passive castorice, lagian dia itu cuma revive 1% max health char kita, kalau ga bawa healer juga tetep mati. tapi permasalahannya itu tolong buff char 1.0 lah, masa beda jauh dari segi skill sama efek, sama2 char limited hlo bukan B5 biasa"
Muhamad Arsyid,negative,1,hapus fitur golbal passif
jufry Hartanto,positive,5,"nice tolong di perbanyak character 5 star dan bintang 4 nya yang bagus, masalahnya hanya pada power creep nya saja selebih no problem."
YouPie,negative,1,"bruh, the Global Passive will ruin this game, dev won't listen to the players..."
Isqirana A.N IsqiranaA.N,positive,5,hanya kasihan dengan rating yg turun
Vanes Zaenal,negative,1,remove global passive
Albani Nur Riziq,negative,1,"the hp inflation is so bad, the moc is so hard, and it seems impossible to clear. the global passive of castorice is not fair, it's completely ruined the game."
Aldi Fajar46,positive,5,Sangat bagus
Fahri Hidayat,negative,1,Game yg Karakternya GK tahan lama
DA 2016,positive,5,Beast Game. Tapi tolong kurangin black screen nya saat story utamanya.
ALI RIZKI FADILAH,positive,5,game baik
Aris,negative,1,Remove global pasif castorice!!!
Xavier Wyman,negative,1,"Kupikir pada update-an kedepannya bisa lebih memperbanyak visual cut scene dibandingkan dialog yang sangat banyak, kadang itu memang penting tapi sangat bosan 😕 terutama pada update story Amphoreus, terlalu banyak dialog dan puzzle yang agak mengganggu feeling buat main story nya sendiri, ku harap update-an selanjutnya lebih memperbanyak visual cut scene nya. Terimakasih Permasalahan GLOBAL PASSIVE gue gak suka, sekian."
Hyun Jokk,negative,1,i hate power creep
Yizi Go,positive,5,Sehat Sehat Game Sehat
Muhammad Irfan,negative,1,GLOBAL PASIF???? U CRAZY
Qutzi,negative,1,"this game is no longer like turn base in general, even this is the ugliest turn base game"
Acelaz Zeionix,positive,5,"I don't care about the Global Passive... I just wanna gacha. i just hope the devs read my feedbacks. i gave them lots and lots of ideas to fix the game. trust me, it works"
KzX (KzX),positive,5,SEHAT SEHAT GAME BAIK SEMOGA BANSOS MU MAKIN BANYAK
Kazuya desu,negative,1,DEV not Listening
King Ponsel,positive,5,saya netral saja. yang penting story nya lanjut dengan baik.
Titah Mufti,negative,1,greedy
Therta,positive,5,Tidak mempermasalahan end game
Shyfa Aurelia,positive,5,GAMENYA SERUU!!!
Epro25,negative,1,why the global passive? just why? my e2 acheron and e2 firefly already feels redundant as it is now this?
syarief maulana,positive,5,Game baik
Fabian Nur Muhammad,negative,1,Stop global Passive in will ruined my day plss!!!!!!
[Krytifi softpie],positive,5,"samgatt bagus,cuman gitu powercreep gila"" an"
Wolfy Light ID,negative,1,stop yealling at me
Yahya Din Rahman,negative,1,kaharakter lama ngk bisa buat kelar konten payah sekali. beda sama game fgo chara lama bitang 1 aj masih kepakek
KUREJI OLLIE MARINE SENCHO,positive,5,good luck hoyovers
None,positive,5,"game baik, storynya gak ngebosenin"
Reyno Academi,negative,1,sekarang sudah semakin susah
Miftah,positive,5,Yang bilang Powecreep kalau ga Skill Issue pasti gacha issue
piluzz,negative,1,"powercreep gila,sia-sia build karakter 1 selang beberapa bulan dah gapunya harga diri lagi"
F Shirou,negative,1,inflasi HP parah banget.. GLOBAL PASIF yang maksa player.nya
Nurahmad Ryan Alvaro,negative,1,game sampah. Dev tidak pernah mendengar keluhan player.
Qivano Diyan Nugraha,positive,5,"mantap hoyo,aku suka game mu😇"
Rafly Namara,negative,1,"Everytime Its get update version, Its getting worst and worst ... anyways remove the 4 stars unit okay, they are all useless why even they exist ? why you even make it ? ... No need just keep make another new brand 5 stars unit 👍, yeah who cares with 4 stars right devs ? Its not make any profit 😂😂"
Fathur Rachman Hudin,positive,4,banyakin ladang stellar jadenya la min seret ni v:
bandeng goreng,positive,5,"menurutku gamenya udh bagus storynya juga gak ngebosenin,cuma yang jadi permasalahan sih tentang end game content nya aja setelah ada hp inflasi rasanya jadi berat buat clear content end gamenya, menurutku harus di optimalisasi lagi aja si buat end game contentnya"
Fahmi,positive,5,"Game tidak pelit, Sempurna💯✨"
Adiba,negative,2,"Main ini karena gameplay nya santai, panen material pun gak perlu fokus ke game tinggal nyalain autoplay. Cerita juga seru terutama di penacony, ost nya sudah tdk diragukan lagi. Mungkin yg bikin susah itu adalah harus nge-gacha karakter baru, karakter yg lama jadi ampas sama karakter² baru. update : udahlah powercreep, lawannya hp gila semua mmng game rakus"
Iky Chan,positive,5,"game yg saya dari dlu idam""kan dari dulu, saya sngt menyukai nyaa"
Pipit Cahyono,positive,5,turun base terbaik
Akkbar,negative,1,"ga ramah f2p,isu global pasif cukup ngerusak,malah jadi sapi perah."
Andrian Widarto,positive,5,game yang sangat bagus dalam story dan sangat cocok dimainkan ketika gabut
Dewi Sartika,positive,5,Bansos Bikin Gemuk Akun + Powerceep Gila😂
milan hanuun,positive,5,"gpp, banyak suami disini. duh pgn nyidir kaka tiri jadinya hehe"
Zafran Ar Razy,negative,1,powercreep
dicka,negative,1,banyak banyakin powercreep 👍
Jeffry Adianto Wijaya,positive,4,"Gamenya secara Overall sudah lumayan cukup bagus & memuaskan, terkhususnya dari characternya, walau yang menggangu tetap system dari gacha & micro transaction yg tidak balance, dan fitur pity yg sangat memeras kantong para low-medium spender, semoga developer mendengarkan kita para user, karena semakin kesini, game ini sepertinya mulai memeras isi kantong para usernya"
Syarif Hidayatullah,negative,1,konten end game kurang sulit saya butuh tantangan lebih
Azel,positive,5,"game ini emg bagus untuk yang suka turn base game, story nya juga lumayan epic, desain character nya juga bagus2."
Kherin 1805,positive,5,STORY NYA BAGUS BANGET
Muhamad Arya Maulana SMKN 1 KOTA SERANG,positive,5,"please for future updates, optimize it again so that it will be better in the future. especially for android users, there are many problems with downloading and performance. as a pc user, I really need help"
Putzz,negative,3,gem ajg kalah rate off mulu bgst
Hamzah Al Farisi,positive,5,Gilaaa
IpangColsZ,negative,1,"Lama"" jadi game p2w anj"
Muhammad Rijal,negative,1,"cerita terlalu panjang, power creep terlalu cepat, diharuskan gacha char b5 baru buat kelarin konten end game, gacha ampass"
Irion,negative,1,powercreep
Elliot Arthur,negative,1,"Build karakter di HSR terlalu sulit, contoh karakter Acheron ku dari awl rilis sampai skrng masih belum bagus buildnya... Dan nyeseknya udh kena powercreep 🥲 Tiap update pun playernysa terkesan dipksa untuk ngegacha... Saran ku buat new player apalagi f2p mikir mikir lagi buat main HSR, kecuali kalian bodo amat ama meta yaa silahkan mainkan.. Terlepas dari powercreepnya dan sistem relicnya, HSR masih layak untuk dimainkan.."
Amamiya Nero,positive,3,"please hear you player, hoyo!"
Arya Firmansyah,negative,1,tidak ramah untuk player yang tidak top up semakin lama semakin berat gk seru dan gk cocok buat menikmati game ini aku mulai dari 1.1 sampai sekarang beda banget dengan konten misinya
raen,negative,1,salah satu game turn base yg punya konsep yg bagus tapi sayang dipegang sama developer pemalas.
Arya,negative,1,"sistem relicnya sangat busuk, powercreep dan inflasi hp gak ngotak"
kuroda seira,negative,1,devs not listened
Ibnu Hakim007,negative,1,uninstall aja nih game udah rusak parah
Daffey De Neefar,positive,5,best gacha gane i have ever played
Herjuno Risang Mahardika,negative,1,yak karakter limit lama sama sekali g guna buat lawan bos patch baru
Tedi Pramudya,negative,1,such a greedy dev
Sidiq Abdullah,positive,5,game turn based favorit
faris nur rahman,negative,1,Game story oriented tapi storytellingnya kaku hanya menggunakan gerakan template setiap karakter dan kebanyakan layar hitam alias dev malas memperbanyak animasi atau cutscene
Allegra,negative,1,remove global passive
Muhamad abi rahman yazid,positive,5,best
Ghowo Tulen,negative,1,"Inflasi Hp musuh diluar nalar, karakter lama sama sekali ga bisa dipake, tolonglah hoyo jangan cuma mentingin cuan, karena ga semua player itu spender"
asnur,positive,5,yeah good game
VinnieX Phillips,negative,1,"please listen to players, I love your game but you doesn't care about us"
Muhammad Ibnu,positive,5,Yg ngeluh powerkrap powerkrip mending luwh balik ke genshin
Yudha Bella Adikara Putra,negative,1,"trash anniversary reward, its better to give us selector limited 5*"
Adri Wiratmoko,negative,1,nothing but disappointment
Dani,negative,1,"game rusak, gua main udh ga bisa se enjoy dulu kapitalis cmn mikirin meras duit Player sumpah capek ngikutin nih game"
Haru Siaha,negative,1,very disappointing
Farhan Yodha Prawira,positive,5,ringan di ram 6gb
Yon No,negative,3,kualitasnya menurun jirr😂
YT DreamsSup,negative,1,"I have never been so disappointed in a game before, the global passive is very much predatory and the powercreep chart is just getting higher and higher. everyone has mentioned all of the above because we collectively agreed that this game is just hot garbage. there is no strategy to this game anymore ever since 2.1, and this is a huge problem. No war, just facts."
Syarisi Rahman,negative,1,global pasif
Riki Adaw,negative,1,global passive ? terlihat seperti cash grab buat gw story telling absolut cinema ? yang gw liat cuma layar hitam sama tulisan (mending gw baca LN daripada baca yappingan game ini)
Dicky Saputra,negative,1,game ngandelin buff ketimbang strategi
Sugiono Saputra,negative,1,Tolong Tambahkan Support untuk Controller PlayStation
Moddersn,negative,1,"Have high expectation at release (and is good),but now i don't see any future for this game anymore...scrapped it after penacony...y'all know we're tired of all BS they make and they don't listen...ngl this game might be one of the best turn base on mobile but well,it was fun when it lasted...congrats hoyo you destroy it..."
Oga,negative,1,suck developers 🙏
Nequitia,negative,1,"This Game Powercreep is the worst. just spend your money on other games, this game doesn't deserve a support"
Hiraru Yoake,negative,1,apalah pake gimmick HP inflasi segala ini game loh bukan NKRI
Haidar Malik,negative,1,the powercreep💔💔
Khal-Khal,positive,5,👍
Bakul Gethuk,negative,1,global passive of castorice make the game broken .....IM out
food lover,negative,1,powercreep too much
Noufal,negative,5,"Why is always you Hoyoverse... give us back the old Mihoyo the real Tech Otakus Save The World, The Golden Era before Hoyoverse Attack... all of you game is boring Af not like gold Mihoyo, and the service is so slow or like never replied. #Savemihoyo #backtomihoyo"
Kalika Adara B,positive,5,Sangat seru
Hadi Mulyadi,negative,1,not recommend
jufri arifin,negative,1,No respect
Ari Mikail,negative,1,remove castorice's global passive
Like Subscribe,positive,5,goooooo
Gracius S,positive,5,"Glad i stop playing this game, with all the powercreep that coming maybe you can make a character that can be invincible for the entire battle for the next banner. Well i got nothing more to say Hoyo is Hoyo $$$$"
Bahtiar,negative,1,"developer makin malas, tambah skip button, farming cap di tambah, jangan cuman 60, malas ngulang terus""an"
Cahaya Vidyanata,positive,5,"Rating mu turun rek. Mending perbaiki daripada bangkrut nih game, hoyo hoyo kikir."
Willally,positive,5,bagusss!!!
syth666,positive,5,YAAAAAYY FREE 5S CHARACTERS!?!? AND IT'S RUAN MEI??? DEF I GONNA GET HER FOR BOOTHILL TEAM!!!
Alzon Grikof,negative,1,penyakit power creep gila
Zefanya,positive,5,great game
Rafi Firli Brilian,negative,1,global passive itu jelek
Danang Azka,positive,5,"game nya bagus, gameplay yang asik dan kisah yang menyentuh hati dan membara, wajib deh nyobain"
tama,positive,5,"bagus lah, semoga update selanjutnya ceritanya lebih bagus, dan pure fiction, moc dan apocalytic shadow lebih di permudah untuk pemain yang tidak bisa menyelesaikannya atau yang tidak memiliki karakter bintang 5 atau karakter bintang 5 yang lama yang tidak bisa menyelesaikan moc, pure fiction, apocalytic shadow seperti power creep."
Kaevi,negative,1,"terlalu favoritism karakter. global passive dari karakter gajelas yang bukan aeon ataupun emanator. bahkan Herta dan Acheron yang emanator pun ga ada dikasih passive global begituan. kalo dibilang karakter aniv, acheron juga karakter aniv tuh."
Andyska,positive,5,powercreep star rail
Fathir Muhammad,negative,1,remove the global passive
zidane Avatar,positive,5,"mantap, tapi ada satu yang kurang yaitu kenapa aku gak bisa dapat Waifu spek mommy anime sih😡"
pinnn,negative,1,"The favoritism in this game is wild. The difference between Castorice and Anaxa is too significant in various aspects. If you want to create a global passive, why only for Castorice? Why not for Anaxa as well? It would be better to remove the global passive and listen to the community."
Irawan Nugroho,positive,4,"Game bagus, tolong tambahkan tombol skip, minimal buat misi yang gak ada dubbing nya 🙏"
Agus aditya Pratama,negative,1,"udah lah powercreep terus, stelarr Jade dikit lagi mantap dah, mending gw comeback main genshin dah"
Revo Revitalia,negative,1,remove global pasive🚫🚫🚫🚫
Hi _,positive,5,LET'S GO E2 S1 CASTORICE!
Muh. Syawal,negative,1,"*1 for the global passive, it's bad for the game no matter the lore accurate it is.. please Dev hear us (player)"
Heavy Sweating,negative,1,"Sebagai player awal rilis saya sangat kecewa dengan powercreep yang gila gilaan seperti ini, kalian tidak bisa menyumpal mulut kami dengan reward seperti itu, kami tidak ingin meta yang ada itu di luar nalar seperti ini, percuma saja. Sangat disayangkan saya sangat menyukai cerita di game ini, tapi rupanya powercreep yang ada membuatku malas. Saya ingat saat meta seele yang merupakan gadis quantum menggunakan scythe, tapi sekarang lihat gadis quantum yang menggunakan scythe sekarang. Kecewa."
Achmat Muttaqin W.,negative,1,"If you're new and don't intend to become monthly spender, I suggest drop your idea to play this game since the power creep is pretty fast and it's hard to catch up to meta😅"
Gede Andika prayana,negative,1,global efek membuat game menjadi semakin p2w
Rio Pamungkas,negative,1,REMOVE GLOBAL PASSIVE ASAP!
Sultan Mi9a,positive,5,support global passive
Darren,negative,1,"makin lama makin gk ngotak powercreep di ini game, character yang meta dulunya skrng malah ampas, skrng firefly dulunya yang top banget skrng makin lama makin turun value nya karena di amphoreus bukan erak break team lgi, dan ini pun malah ada global passive, ini udah bahkan lebih parah dari powercreep nya honkai impact, genshin yang karakter 1.0 2.0 masih bole masuk meta bahkan b4 sekali pun, disini malah char lama nya kegeser kena power creep ama karakter baru. hsr lama² makin ampas🤡🤡🤡🤡🤡"
Muhammad Farel,negative,1,remove global passive
Zikky Zaychik,negative,1,"Release a character then make it so broken that makes old meta charas become trash, casto aint need that broken global passive, u have to remove it ."
Lord Zikky,negative,1,"global passive is a joke, remove it."
Topa,negative,1,Global passive? EZ Uninstall.
Y E,negative,1,no moe
Pekanbaru Mania,positive,5,"saya tidak akan pernah mengecewakan game ini bisa Fram sehari-hari dll semoga castorice gak dapat negatif lagi, saya suka game ini 5*"
Brahmana Dwi Ananta,negative,1,satu kata : egois
HeiYaa!,positive,5,"game bagus, cuma playernya aja yang kebanyakan tantrum"
anggara,positive,3,perbanyak char B4 woy hoyok!
GoatJo Satoru,negative,1,"Game gila ini. power creep engga ngotak, Konten makin seret kek cuma jualan char doang"
Irzi Fahrezi,positive,3,alright power creep still being a bad reason but i was satisfied by the reward keep it up and this game will go to the top again
Ahmad Syarif,negative,1,kecewa ama ini game.. udah itu aja
kent sudiro rades,positive,5,"gamenya simpel, gampang, dimainkan story yang bagus, karakter yang memiliki karakteristik sendiri, komunitas yang baik dan genah dari pengalamanku sendiri tiap update sudah mempermudah grinding gamenya biar lebih nyaman."
Neal,negative,1,"i love global passive, i love power creep, i love the fact that i can't play the character i like because they are too weak now."
BLANC V,positive,5,I love stelle
Lanang Sudana,negative,1,urusin powercreep lu hoyo
Febrien,negative,1,powercreep terus
Febiva Sfn A,negative,1,"Disappointed, getting worst and worst every patch. Do not listen to the community. I'm leaving(:"
Troll Warlord,negative,1,remove global passive
Syauqee JR.,negative,1,"Powercreep gk ngotak, global pasif rusak, story telling yang ampas bgt kebanyakan useless yapping sama blackscreen, buat story modal fake out death cemen bgt, HP inflation yang gk ada obat, masi blm ada skip button, karakter lama hampir gk ada guna di endgame sekarang... Hadeh hsr dlu gem yg paling gw sukai knp sekarang malah jadi gini sih tolonglah para Dev jgn udah mah greedy ditambah lazy bgt padahal lu pada perusahaan multi millioner, smoga mereka pada sadar dan mendengarkan para playernya."
ian andira,negative,1,boring + broken ahh game
Ari Antonio,negative,1,"hmmm gua yang main dari awal sampai patch fei Xiao rilis, pengen balek tapi musuhnya makin susah dan harus ikutin meta karena karakter baru. jadi mikir 10 x kalau mau comeback"
Zk dlin,negative,1,"Bye bye HSR. Kali ini bener2 kecewa sih. Gacha gue gk pernah hoki walau sering top monthly, hp inflasi nya gk ngontak, powercreep udh menjalar. Bayangin akun gue busuk dan semua karakter nya pun jadul semua gk bisa nyentuh content kayak Moc, PF. Developer gila duit, bener2 dipaksa buat gacha karakter baru. Tolol game tolol"
badak tempur,negative,1,imagine dapat review bintang 1 gara² fitur overpower👁️👄👁️
G time,negative,1,powercreep gila
Entah Hmmm,positive,5,"game bagus aku suka story,music,dunia nya yang penting enjoy"
Jibril Abdul Fattah,negative,1,powercrept
Kanran RE,positive,5,"Game bagus, sayang sih f2p plr banyak maunya pdhl hama server"
Fyrlo Fathia,positive,5,"Gamenya, bagus, seru, asik. Aku bisa main ini seharian gaada bosen²nya samsek. Character²nya detail bgt. ini padahal game free loh? 😭😭😭😭"
Boscha,positive,5,"gw suka semua game mihoyo termasuk hsr, dan gw denger ada yang gk suka sama terhadap karakter baru yang akan rilis, gw gk peduli tentang meta/apapun itu gw sebagai f2p cuma menikmati free content (story sama character story) yang di sediakan hsr, good game 👍"
Alhabbi,negative,1,ends your global passive nonsense.
Renanj Owoya,positive,5,"just my opinion; pasif global Castorice itu berlebihan banget. Lebih baik itu pasif bisa ditrigger cuman pas ada Castorice nya di tim, jangan dibikin global. reward udah ok, kalopun tentang powercreep sebenarnya gak apa, tapi saya udah ngerasa kesel karena global pasif Castorice. awalnya saya aja ga ada niatan untuk ngegacha dia, tapi karena global pasifnya, saya harus gacha dia."
Muhammad Hanry,negative,1,"Bad Storytelling for Amphoreus, No English Dub... and that Global Passive on Castorice is really Bad... it will make this game become more Pay To Win...."
amei ng,negative,1,"jujur awal main seru seru aja, bahkan di 1.6 pake blade dan tim asal asalan masih ok aja, tapi sekarang makin susah, karakter wajib gacha yang terbaru, karakter lama juga makin ga bisa bersaing lagi, bahkan karakter karakter yang pernah masuk ke meta di versi 2.0 ke atas udah mulai ga bisa bersaing dengan karakter yang ada, animasi juga kurang bagus dan detail terutama black screen masih banyak banget, saat kasih barang ga ada barang yang dikasih DU juga banyak bug, jadi BUGSR BUKAN HSR TOLONG!!"
Chaerul Hadad,negative,1,insane powercreep
Jovan Rustiadi,negative,1,Banyak PR yang harus dibenahi oleh tim Hoyoverse: 1. Masalah balancing in game yg benar2 gak balance. Ketimpangan power char baru akan selalu lebih kuat dibandingkan char lama yg berujung powercreep gila2an. 2. Sistem Global Passive yang sangat rentan diimplementasikan karena akan membuat balancing in game makin gak beres. 3. HP Inflation yg naik secara terus menerus membuat char lama tidak mampu bersaing secara meta sangat berbeda dengan genshin padahal satu developer. 4. Story terlalu bertele2
Efendi Arifin,negative,1,"Powercreep gila, Hp inflasi gila (terlampau gila), Meta gila, Karakter old jadi sampah gila, Mekanik baru global passive jadi gila, Story Yapping gila, F2p JADI GILA!"
Kuchi,negative,1,"game jelek, storytelling busuk powercreep juga kenceng bener"" busuk jangan di mainin"
Ferdi prastyo,negative,1,"Entah kenapa semakin menuju End game semakin Bosan, apalagi updatenya cuman release Char baru DMG gede. gtu doang, ga ada gimmick gameplay yang beda, apalagi untuk update Difficulty cuman nambahin HP biar musuh susah di bunuh. kalo kayak gtu Char old ga bakal bisa ngendong lagi. saya berharap dari pada nambahin HP buat musuhnya, mending kasih Move Set baru untuk musuhnya."
Raditya Qolby,negative,1,gamenya stuck di loading screen memeriksa update data nya lama banget
Diozaurus,negative,1,mid
Natanael Sitepu,negative,1,powercreep gila
rio arctic,negative,1,"ngotak dikit lah.. masa karakter aglaea baru rilis udah mau di nerf lagi sama castorice, lagi satu masa dps yang baru mesti rebutan sama sunday ah ga jelas juga lama lama game kau ni duit duit duit aja tapi balancing karakter ga di urus contoh kayak kakakmu itu yang karakter limitednya bisa kepake sampai 2 tahun kedepan, jadi orang mau gacha ga takut rugi peak!"
Wahid Rizki,negative,1,balancing di game ini sampah bgt
muhammad ibroham,negative,1,"rusak dah ini game, game turn base yang kudunya main strategi malah jadi brainrot gini wkwkwk. global pasif yang harusnya bisa jadi QoL lewat unlock clearing suatu konten malah jadi paywall, ngerusak ekosistem game turn base beneran wwkwkkwk."
Iqbal Maulana,positive,5,sangat asik
Jemi,negative,1,jadi game ampas gini cok
Kohaku,positive,5,good
Kayonza Onikata,positive,5,hp kentang oprek dikit lancar🔥🗿🗿
Ronggo Fathan Muhtadien,negative,1,game power crip
ZEN,negative,1,"Storytelling di game ini ga bagus, karakter pas dialog ga banyak gerak, sorotan kamera nya monoton. Terlalu banyak dialog yang ga penting di masukin ke cerita utama."
Fisa Za,negative,2,"PLISSS KASIH GAME NYA DI MAC, SEDIA IN DI MAC PLIS"
hafizh sutrisna,negative,1,"hp inflation in MOC? castorice global passive next patch? anaxa all weakness implant to all enemy? no wonder, a lot of hsr players had retired from playing this game."
ルディ,positive,5,"dah gak bisa berkata apa-apa lagi pokoknya dari awal main sampai sekarang puas banget, aku berharap akan ada konten and game baru lagi"
adhi hafizh,negative,1,"this game become so boring, becaus hp inflation in MOC, castorice global passive in next patch, anaxa implant all weakness to all enemies, and then what next?"
Kizuganai Haru,positive,5,game yang sangat seru
Ibrahim absor Ilmi,positive,5,"tolong hilangkan black screen, sangat mengganggu."
glen andrean,positive,5,game baik
Fransdito Firnanda,negative,1,"powercreep gila,buff char dikit itupun kelamaan,konten end game condong ke beberapa char b5 limit sehingga b4 jadul gk guna"
Ardhi Wibawanto,negative,1,"Buat survei sebatas formalitas, apa yang diinginkan pemain tidak pernah didengar, sesimpel buat fitur skip scene tidak pernah mau, KEBACUT!!"
Indra Permana Putra,negative,1,pensi aja gk ramah ges dan gk worth waktu kalian
Siti Nur Hafidah,positive,5,my favorite game <3
Raihan Agustian,negative,1,Game powercreep gila gilaan
Akal Sehat,positive,5,pliss mas hoyo buatkan fitur ganti mc.
Fathir,positive,5,baru maen bagus kok :v
Nur Zidni,positive,5,Bagus
Monkey D Gaming,negative,1,sudah banget dapetin tiket cuma dikasih 20 aja diawal habis itu gak bisa dapet lagi emang game pelit
Marvin Erlangga,positive,5,tysm buat bansos nya
dayat sasa,positive,5,👏
Ahmad Malik,negative,1,3 kata buat game ini: lazy yapping blackscreen
Mit Stars,positive,5,bagus gamenya
Raissa K,negative,1,"powercreep, p2w, global passive."
Umi Chitose,negative,1,remove castorice global skill!!!!
Shin,positive,5,game bagus
Candra W,negative,1,"udah burnout gw sama ni game, udah story amphoreus ampas,powercreep gila""an"
Hitotsu,positive,1,Game baik saya kasih bintang 5
Sulaba Prabangkara,neutral,5,miaw
Palikk,negative,1,"TOLONG JGN RAKUS YA DEV SERAKAH!! TOLONG KALO BUAT KARAKTER ITU YANG GAK BEGITU SIGNIFIKAN BEDA VALUENYA, KARENA UDAH KESERINGAN MENG-POWERCREEP KARAKTER RASANYA SELALU BIKIN RESAH. SEBAB EFEKNYA JUGA KENA KE DALAM FARMING YANG MAKIN LAMA MUSUHNYA JUGA MAKIN ANEH2 AJA, UDAH TERLALU KERAS KALO PAKE KARAKTER LAMA PADAHAL DULUNYA JADI KARAKTER ANDALAN."
Felixx no counter,positive,5,gamenya bagus tapi tolong buatchallenge nya di sesuaikan buat karakter lama yang kalah saing sama karakter baru
Irsyad Muslim,negative,1,"powercreep gak ngotak, player dipaksa untuk gacha karakter baru tiap patch. story game ngebosenin dan tidak bisa di skip"
Cerin,positive,5,game nya bagus tapi data nya banyak banget boy Gilak gw main sih patah² tapi game nya bagus banget gw rekomendasi kan sih ini game
Why So Serious?,negative,1,"story biasa, story telling jelek, powercrept gila karakter lama gak bisa lagi dimainkan dengan baik sehingga pilihan karakter jadi tidak beragam yang membuat gameplay jadi membosankan, skill karakter juga kurang kreatif kebanyakan hanya versi upgrade dari karakter yang sudah ada, Hp boss juga terus bertambah membuat karakter lama benar-benar sulit digunakan, developer bilang ingin nge buff karakter lama tapi itu juga percuma jika karakter baru yang akan datang terus dibuat over power."
[JDM],positive,5,"Bansosnya melimpah gila! lebih banyak dari pada yang sebelah, cantik cantik pula"
Muhammad Nur Sidiq,negative,1,Manis di awal doang
Riza Fahmi,positive,4,"give more lvl, dont stuck 70"
Riski Ahmad,negative,1,"Apalah Powercrep Trus"" Minimal ya"
Filbert Hermawan,positive,5,powercreep gila 😫
Nur Hayati,positive,3,data nya boros
Zero two,negative,1,"Powercreepnya terlalu tidak ngotak, para player seperti dipaksa untuk gacha karakter meta di setiap versi nya, beberapa karakter ada yang menjadi tidak terpakai."
Apa Kau?,negative,1,"Makin kesini, game Hoyo makin ga jelas QOL-nya. Penyampaian story juga kurang ekspresif dan banyakan ngobrol ke timbang Action dan atau Cut Scene. Powercreep yang terlalu cepat dan ga sehat, sekaligus sulitnya nge-build suatu karakter. bahkan sekalipun karakter nya sudah jadi, Tetap akan sulit menyelesaikan konten End game jika hanya mengendalikan karakter lama. Bahkan B4 saja cuma jadi formalitas, aslinya ga guna"
Mayyaza NR,positive,5,game bagus cuman dihilangkan global passive nya doang yaa
Skuy Living,negative,1,Powercreep terlalu parah
Muna wibu,negative,1,Gacha turn base game paling terkutuk
Rikka,negative,1,"Chara b4 mana??? kok rilis B5 trus, mana powercreep lgi. males bgt main game ky gni"
Radithya Azhar,negative,1,HAPUS PASIF GLOBAL MASSIVE NYA CASTO!!!!
Alyaa,positive,5,bagus
Mardhoe Edhan,negative,1,kasih fitur SKIP dialog lah ...sering ketiduran... Jadi story gak jalan... 😐
ardi ansyah,negative,1,"Honestly, this game is totally biased toward certain characters, making waifu characters way more overpowered while husbando characters keep getting nerfed. Meanwhile, waifu characters keep receiving massive buffs. And in 3.2, there's Castorice with a global passive, but husbando characters? They’re just servants for waifu characters. THIS GAME IS REALLY DISAPPOINTING NOW."
indomie ijo,negative,2,"storytelling gajelas, setelah penacony bener2 pure malas, udh ga seexcited story dulu, bahkan belobog aja better dibanding amphoreus, berkedok banyak bansos tp manipulasi chance dpet b5 yang dimana kudu high pity buat dpetinnya, sama aja berarti kudu spend banyak, powercreep? oh jan ditanya, pake buff ama mekanik baru buat bikin meta biar playernya bisa ""must pull"" biar enak kelarin konten jadinya ez jade buat husb/waif, sorry gw udh lost interest ama mihoyo, thanks for the memory 2019-2025 🙏"
ahmad alfin m,negative,1,"teruntuk pengembang game, permasalahan di game mu itu ada pada power creep,kalau gak ambil karakter terbaru pasti sulit,resources jade player lama sudah untuk ambil karakter terdahulu,mau ambil karakter terbaru sekalipun itu harus pikir-pikir karena karakter butuh support yang keluar pasti di banner-benner selanjutnya.Apalagi di pacth 3.X yang kalah rate off bisa dapat bener limited jadul apa anda ngak mikirin perasaan player old yang dibelain gacha karakter limited sedangkan,sekarang eh dapet."
Ripan Septian,negative,1,"tidak dapat otp kalau login pake google sign ini, rugi banget udah top up udah gacha dapet char bagus, eh pas login di device baru pake google malah gak dapet otp kecewa"
syaifuddin amry,negative,1,"Char limited masuk ke standard, ini sih udah gila namanya"
Muhammad Faishal Irsyad,negative,1,"Alur cerita terlalu panjang dan makan waktu banyak tanpa menjelaskan hal hal yg penting. Tidak ada animasi ekspresif pada karakter pada saat berbicara, hanya menggunakan animasi animasi yg sudah sering dipakai. Masalah powercreep semakin lama semakin buruk, karakter 2.0 - 2.5 saja blm tentu bisa menyelesaikan endgame yg baru. Rasanya seperti developer tidak peduli lagi dengan player dan memaksa player untuk membeli karakter baru. sebagai player 1.0 saya merasa kecewa seperti player-player lain"
Khanza Aisyah Aleana,positive,5,"Game seru,banyak banoss walaupun turn base lebih asik dari genshin sih,panjang panjang game baik🗣️🗣️"
Ajun Yu,negative,1,global pasif
SkyShirou,positive,5,terimakasih telah menciptakan waifu ku😘 yang sngat cantik dan imut + story yg slalu di nanti
Rafa Atala,positive,5,i really like this game and the gameplay is fun
Naufal,positive,5,sangat bagus 👍🏻
Kazuya Ryuzaki,negative,1,"game sebenarnya bagus, segi cerita dan grafis, namun ada 1 hal, global passif, ini powercreept yang kalau dibiarkan, bakal merajalela, sekarang mah orang2 pada pull casta, namun kalau ada unit yang punya global juga tapi ga suka gimana? jujur, game ini bakalan P2W sekali, saya anjurkan kalau kalian yang punya historis kecanduan kaya judi, jangan main ini, dijamin bakal spin terus, dan unit lama dah ga laku, karena powernya makin melonjak, jadi investasi chara lama bakal hangus"
Ristian Hanggar,negative,1,"hilangkan global passive castorice, ini g sehat buat game kedepannya. revivenya castorice ga masalah asal castorice ada di dalam party biar aktif."
Andri Kancil,positive,3,bagus sih karakter mantep semua dah sayang hp nggak sepikiran gua 🤣
Aditya F.N,negative,1,"game kikir ,, selalu yang di prioritaskan yg china aja"
Safa faujil ihya RPL2,negative,1,"Dev doesn't listen to players, pretends to be blind, pretends to have no ears, global passive is not a solution, at least play the game, don't just give something but don't feel what the players are going through."
Koharu Etz,negative,1,hoyok mending hapus aja gp casto semua fandom hsr jadi ribut
Gamer,neutral,1,Teehe
1539_ Dzakwan Bayu Prasetyo,negative,1,susah buat login doang
Intan purnama,negative,1,"Developer pilih kasih. char cewe dianak emaskan, chat cowo ga dianggep"
Norian,negative,1,"udh 3.xx tapi story masih telling busuk gaada improve, kebanyakan blackscreen, dialog cuma karakter berdiri gerakin tangan, dll. Ditambah inflasi hp makin parah, karakter dps paling rawan powercreep, bukan powercreep lagi dikubur malah, gws"
Ahmad Ghofur,negative,1,penyakit power keep gila🤢
Mahesa Zamzam,negative,1,Hapis dulu global pasif nya
Dzaky,negative,1,Global passive bikin rusak
Sandi Gunawan,positive,4,tolong release di Xbox series s karena spesifikasi hp saya kurang memadai
Tsunomaki Mayuri,negative,1,ngotak dikit la
Dex,negative,1,pay 2 win game with castorice's global passive which will implement a great unique skill even without using her on team.
Ditya Dinata,negative,1,powercreep.
Satara,negative,1,👎🏻
Iche,negative,1,"jeda per dialog lambat, story kebanyakan bertele-tele, kebanyakan layar hitam"
Muhammad Rasya Ramadhan,negative,3,turunin kesulitan konten late game dan tingkatin stabilitas hero barunya dong
Mufti Alif,negative,1,"awal awal main sampai penacony oke oke aja. tapi makin kesini makin gila penyakit powercreep nya, belum lagi masalah inflasi hp dimusuh nya yg kek maksa player buat gacha char dps baru. oh iya juga, storytelling ni game bobrok banget ancrit, jelek nya minta ampun. bahkan game yg modelnya kaya visual novel sama game baru dari dev sebelah aja punya storytelling yg jauh lebih bagus dari ini game"
Fikri Jojo,negative,1,"tolong kembalikan hsr ke masa kejayaannya, perbaiki masalah masalah di game tersebut tolong hoyoverse ini permintaan untuk membuat game anda lebih baik"
Ayrus,negative,1,global pasif castorice Suck
Renzu,negative,1,Stupid global passive mechanism
Ahmad Rizqi Idrus,negative,1,"jujur udah cape main ini game, dulunya bagus sekarang downgrade banget. kesenangan bermainnya sudah hilang, dan saya tidak merasa developer menghargai playernya"
Nabil,negative,1,Tolong tambahkan fitur skip dialog
Anisa Fitriyani,negative,1,"1. Metanya kenceng banget, kalo ga punya char A, support B bakal susah clear endgame content 2. Kebanyakan b5, udah hampir setahun ga ada b4 3. Chara cewe di buff habis habisan, chara cowo dinerf habis habisan, terkesan player cewe dipaksa buat pull chara itu"
Imam Dwi Hartanto,positive,5,GACOR BANSOS CUY
Kennard Lahunduitan,positive,5,"game mobile terbaik menurut gw, lebih suka HSR daripada Genshin Impact, karena lebih dermawan dan ga pelit bagi stellar jade, desain char sangat bagus, dan gamenya bukan cuma bertarung doang, tapi ada back story, gacha, dan bisa farming relic sama stellar jade euy 😋 (Plis gw mau bgt Sunday sama kafka sama Clara sama mydei sama AH POKOKNYA GUWA MAU SEMUANYA)"
Jaenal Abidin,positive,5,😌
Andra Maulana Fadillah,positive,5,Game sangat bagus walaupun misi susah tapi tetap bagus kok heheheh mudah mudahan updatenya makin seruuu lagii😁😁😁😁😁
Linda Herliani,negative,1,"Saya player dari awal rilis, sangat kecewa dengan : Powercreep, HP inflation, favoritism terhadap karakter tertentu ( salah satu contoh: 2 new karakter rilis 1 patch tapi promosi/animasi/kit hanya terfokus terhadap 1 karakter saja), kurangnya karakter 4*. Animasi dalam penyampaian story terasa monoton (bukan yang cutscene), black screen dan hanya tulisan dalam story tolong dikurangi. Akan saya ubah lagi kalau ada peningkatan."
21_Maydhifta Y.D,positive,5,doain aku dapet castorice dong min
B1_ Ayb,positive,5,"Looking forward to the next update, but please treat each character fairly, Hoyo."
muallaf story,negative,1,udah gue tunggu login 3 jam malah ulang game burik
Hyper Aldos,positive,4,I Love Firefly.
Vkey Cibeng,negative,1,coba powercreep nggak sebrutal ini... pasti masih banyak yang ngasih bintang diatas 4... pas awal rilis saya juga seneng nemu game turn-base yang beda dari game game turn-base lain... tapi masuk 2.5 udah kelihatan Dev mulai aneh... dari event yg sudah mulai berkurang.... akhirnya saya memutuskan buat pensi main HSR...
Kax.,positive,5,AKU CINTA HONKAI STAR RAIL
Aolin,negative,1,"kenapa sih rate naiknya substat crit di akun gua kek cuman tahayul bgst, kek sengaja bgt kntl, beda bgt ama nasib gua di artefak gem sebelah, hampir 2 tahun main ini game Relic gua kagak ada yg bener ngtd, percuma anying bisa bikin Relic dengan stat & substat yg kita mau kalo substat pilihan ny aja belum tentu naik, mana material ny mahal pulak, 1 lagi item gaguna yg bisa kocok ulang Relic, mending kocok ulang hasil gacha"
Rudi Darmawan,negative,1,"nice global passive, I'm quit"
Teguh Setiawan,positive,5,nooo game baik dan tidak kikir seperti impact genshin dapet rating 3.8 nooo karena kurangnya peminat nooo padahal bansos tiap Hari tapi ratingnya di bawah genshin nooo
Vinata Adelia Syahputri,positive,5,I very love this game with handsome men inside... and make me feel a new experience 😁
pink Wolf,positive,5,I love this lol I get mydei in one pull and his light cone in 4 pull
Tirzz,negative,1,L powercreep
Zul Fik,positive,4,turunin power creep nya
Dewi Kania,positive,5,bagus
lkhmal Nour,positive,5,my favorit game❤️
Davian S,negative,1,"didnt listen to community, power creep issue, Global passive issu, lack of events, boring animation, greedy company"
Wawan Pratama,positive,5,"woilah cik ini game seru banget, yang paling gue suka itu story ama desain char nya, walaupun emang terkadang banyakan yapping dan black screen tapi jujur gue tetap enjoy main, dan yang paling penting ini game sering ngasih bansos, pokoknya gue seneng dah sehat2 game baik 😁"
Shiroo,negative,1,"jelek, nyari relic yang bagus aja susahnya minta ampun benerin dulu tuh sistem dapet relicnya jangan cuma Character cewek doang dibanyakin, abis banyak cuma dapet relic ampas."
Qonitah Ignasia I.,positive,5,sehat-sehat game baik
Aziz Mayzar,negative,1,mengecewakan
clyra lee,negative,1,"repetitive events, powercreep gila gilaan, katanya mau upgrade chara lama tp malah buat chara baru yang punya global passive which make it worse, free pulls are lowkey good tp dengan powercreep yang gila-gilaan, yang kena buff female chara aja and almost 1 year no new 4 star character? this game is suck."
Gobran Gobang,negative,2,GAME SEPI GABISA ONLINE BARENG TEMEN CUMA BISA CO-OP MINJEM CHAR TEMEN SAMA CHAT DOANG... WKWKWK GABISA KETEMUAN ATAU ADA SOCIAL LIFE NYA.. WADUH WAKK GAME GEDE SIZE NYA GADA FITUR KE GITU BEDA BANGET SAMA DRAGON RAJA LEBIH WORTH IT SIZE GEDE!!
Rex,positive,5,game terbaik🥰
Clemive,negative,1,"salam untuk developer hoyo,saya sebagai salah satu player yang menikmati game ini hanya untuk mendapatkan waifu merasa sangat tidak nyaman karena konten end game yang terlalu susah dan sumber stellar jade untuk player F2P sangat sedikit, dan juga tolong buff karakter lama dan jangan lupa untuk membuat chat b4 baru. Dasar game kontolllllll"
Mutia Tia,negative,2,"sebenarnya gamenya bagus, apalagi story-nya, tapi tolong dong itu storytelling jelek banget sumpah, gerakannya kaku, pembawaan ceritanya juga jelek gak kaya honkai impact 3. aku pertama kali kenal game karena honkai star rail, pas waktu honkai impact 3 colab sama honkai star rail aku jadi mainin juga honkai impact, dan benar-benar beda banget dengan honkai star rail. ceritanya bagus, storytelling nya juga bagus, dan aku berharap Honkai Star Rail juga begitu."
rizal robbani,positive,4,Terima kasih game baik meskipun ada powercreep gila gilaan tapi update berikut nya sangat bagus untuk f2p player seperti saya kalo update buff karakter lama memuaskan saya akan kasih bintang 5
VAN :3,positive,5,"menarik banget kok, banyak karakter bagus juga cuma grind nya aj kadang rada capek hehe"
Similikitiw Sembilandelapan,positive,5,peak
NeinKampf,negative,1,"Kenapa malah jadi gini ni game😢😢😢😢, padahal dulu bagus banget sekarang malah dikit dikit powercreep dikit dikit gacha mana nggak guaranteed lagi😢. Mode nya juga udah nggak seru lagi nggak kayak dulu, sekarang kalo nggak gacha susah clear endgame mana boss nya keras banget lagi."
Maccrea Keitaro,negative,1,fix your storytelling
Ciela,positive,5,"Story semakin hari semakin seru, event baru juga lebih seru daripada event sebelumnya, YANG PLING PENTING BANSOS NYA MAKIN LANCAT LET'SS GOO! ily hsr"
Stenlly Gaming,positive,5,Good Game
Aletha,negative,1,The meta is really hard
Afif,negative,1,"dissapoint, global passive, fake buff old character that will getting powercreep again in next update, uninstall 😮‍💨"
ΛI,negative,1,gacha relic ampas mulu
fangky gaming,negative,2,give me new b4 character
Muhammad Aliif Wahyudi,negative,2,penyakit powercreep gila
Nadin Asiya,negative,1,"pelit sm playerbase sendiri, gwe pelitin jg kasih rating lu biar fair."
Hana Nokoku,negative,1,"You disappoint me, Hoyo."
Nando,negative,1,game yaping 😂😂😂😂😂😂
Bastiar Ahmad,positive,5,mantap
Satria Nugraha (Starian),negative,1,"Tolong dengarkan aku sebagai pemilik device yang kurang mampu, ini mungkin terdengar egois tapi apakah kalian bisa membuat fitur aktifkan/nonaktifkan floating damage text? kadang-kadang itu bisa membuat device ku terpanggang apalagi dengan adanya karakter seperti Castorice dan mekanik true damage? aku masih ingin memainkan Star Rail"
Ramagandi 07,positive,5,"terimakasih atas kerja keras kalian, dan terimakasih juga sudah mau mendengar keluh kesah pemain👏🏻👏🏻👏🏻"
Song Hyori,positive,5,"Sehat-sehat Game baik, banyak bansos dan nggak pelit kasih char limit secara gratis 😊❤️"
ammar muzaki.,positive,5,wow 2.
Daffa,negative,1,"Punya karakter terbaru = game jadi mudah. Sekalinya ketinggalan gacha karakter baru konten end game jadi susah banget. Okelah kalau diberi banyak tiket gacha, masalahnya 1 kali update cuman dapat sekitar 50an tiket, sedangkan untuk menjamin dapat 1 karakter bintang 5 yang diinginkan bisa sampai 160 tiket... Lebih parahnya lagi sekali update selalu rilis 2 karakter bintang 5 yang lebih powerful ketimbang karakter lama. Kesimpulan : P2W banget game KAPITALIS"
Alma Dante,negative,1,Gue nabung setahun bukan buat denger kabar Blade lu masukin rate off ya. ini kalo gue susah kalah rate off buat dapet Blade e6 awas aja lu
nyah nyeh,negative,1,apa coba game burik 😛😛😛
Syarifuddin S.Pd.,negative,1,Global pasif Hilangin aja
Angelina Wullur,negative,1,"gamenya terlalu banyak ke powercreep, dari segi dmg, efek dll. jadi kasian ama karakter yg sebelumnya yg habis kita pull eh taunya tiba"" ad karakter yg gk ngotak dah, (GAK IMBANG). sering ngebug pula🙄"
Arif Ahmad,negative,3,Yapping Star Rail
Keisha Calistafia Aliya,negative,2,"- event nya dikit, bosenin, ga menarik. - companion quest skrg jg udah jarang banget dimunculin. - terakhir kali 4* rilis tuh udah lama banget, terakhir moze di 2.5, skrg udah mau 3.2 gaada yg baru lagi :( - HP konten endgame sekarang udh meningkat banget dibanding sebelumnya, karakter lama jadi ga guna di akun. - untuk main story menurut ku bagus, dan itu adalah alasan aku masih mau bertahan di game ini berharap kedepannya kritik player bisa ditanggapi dengan serius :D"
Hamon's Corner,negative,1,"Semua chara husbu antara gampang + cepet kena powercreep, niche banget (cuma jadi babu buat dps waifu), kitnya ampas, atau perlu seabrek persyaratan biar bisa kuat (kuat doang, gak OP). Belum lagi metashiftnya yang bener-bener di luar nalar 🗿"
Fiza ain N,positive,5,makasih mydei nya next anaxa plis 😞😞
Naya,negative,1,favoritism it's not good thing you fool
Youko Ichimokuren,negative,1,My seele has been scratched for too long
Anasthasya Happy Sandra,negative,1,was happy of how hsr releasing three males in amphoreus but then hit by the favoritism especially between castorice and anaxa i hope this game gets even lower rating
Abdurrahman Hafidz,positive,5,baguss
Esti Nurhaliza,negative,1,I hate this
Zayyan Rakhman,negative,1,"The drop rate of farming are lowly trash, what a p2w game. hp inflation, less event, no new 4 star"
yuka ri,negative,1,I'm sick of this. stop making your female players as money maker by giving less Treatment to the male characters
Rima Baby asthie pratiwi,positive,4,bagus
Ferdy,negative,1,"Wuthering waves dialogue are more simplified and easier to understand than hsr 🤮, even in ""bahasa"" the language are too heavy and unnecessary complicated."
Fried Friday,negative,1,gem jelek
nasya 127,negative,1,"jelek banget, udah dikit karakter cowo nya terus di perlakukan gak adil lagi"
Angga,negative,2,"love the story, but the powercrept is getting worse"
Nanda Limun,positive,5,"damn, Firefly is literally my wife"
Arga Yk,negative,2,"powercreep kalian terhadap karakter lama sangat parah, seharusnya kalian membuat karakter bintang 6,7,8 untuk karakter limited baru. jadi karakter bintang 5 yang dulu terlihat jauh lebih lemah."
Dewanda Putra,negative,1,"Game rakus! mulai dari krisis dengan karakter B4 (terakhir dari 4 patch lebih!), powercreep B5 yang gk ngotak + event game yang kurang menarik (selalu simulated univers) + companion mission malah dihilangkan + konten end game yang semakin maksa kita buat pull karakter limited disetiap patch + DAN YANG PALING PARAH HP INFLATION DI KONTEN ENDGAME YANG JUGA GK NGOTAK! kalaupun ada yang feedback gk akan didengarkan sekali didengarkan itupun dari golongan tertentu!"
Drex gaming,negative,2,"the game was great, story was great, but this game have balancing issue due to hyper inflation on enemy an you have to roll new character and the support every month if you want to progress to the story and in moc 12 the boss is impossible to beat if you dont have meta character, conclusion fix the game and buff the old character"
DiazAfghani Masyhara,positive,5,"Kuharap Nicholas Leung (pengisi suara Danheng) bisa mendapat kepastian pekerjaan dan mau kembali bekerja. Danheng adalah tim inti dari si protagonis dan penjaga kru trailblazers. Tidak mungkinkan penjaga hilang secara cepat kecuali gimnya mau tamat, apakah demikian?"
Rizqullah,neutral,3,"alhamdulillah story gak kek kemaren ribet banget thx untuk bagian itu, tapi jujur Hoyo mana bintang 4 karakternya dah. dari kemaren bin 5 mulu, kalo boleh jujur bin 4 ku yang belum e6 cmn Gallagher. jangan jadikan B4 cmn pajangan doang lah hoyo, masa B5 mulu yang dirilis dan harus gacha2 terus untuk ngikutin standar damage sekarang. Jujur agak kecewa aja si Amphoreus serasa cmn jadi ladang banyak karakter baru b5 dan tambah lama juga power creep kerasa banget palagi buat yang pen nabung. 🥲"
Yeo Zhu,negative,1,"capek sm meta yg terlalu maksa, lu g punya meta auto luntang lantung main konten end game, udh gtu selalu chara waifu yg selalu dipush jdi meta, chara husbu mlh dinerf mulu. event jg dikit. ini mh blas lgsg timggalin klo udh kecantol game lain😂😂"
Alisya Ariany,negative,1,"sekarang hsr update nya ga jamin bikin player nyaman. jujur character lama kalah saing sama char baru, kebanyakan powercreep gila gilaan, udah build bagus char lama tapi suka gonta ganti 'meta' ga fair banget bikin capek harus pull char baru terus, kerasa banget berat buat clear content semisal mereka udah pensi lama terus balik lagi. anti b4 belum ada rilis char b4 agak nya hampir setahun dan ga ada support b4 yg bagus alternatif buat dps"
XI.2 Rebecca Ully Basya Sihotang,negative,1,"Genshin 2.0, I mean nerfing old chara, there is rarely a 4 stars character, always added new five star characters, and the ratio between male and female chara? Wow. Sometimes I wonder if you guys have ever done research, most of the players are female, there are even guys who like male characters and all you do is add female characters that are not creative in their models."
Arty Zieg,negative,1,"Dogshit balancing, most of the old characters are unusable, neverending hp inflation, retarded relic system"
Joan Helena,negative,1,we need nerf castorice!!! she's not an emanator!!!
Slaron Geming,positive,5,"jujur saya player baru dan saya merasa sangat puas dengan visual grafik nya, dan desain karakter nya, terutama di karakter tribbie, yang awalnya saya kira hanya anak kecil ternyata dia adalah setengah dewa, kalau bisa kasih 100 bintang saya akan kasih 100 bintang, tapi sayang di play store hanya menyediakan 5 bintang."
Hanaa,negative,1,aku player day 1.. udh top up cukup bnyk juga.. dan smpe skrng akun ku blom bolong loginnya.. tpi jujur powercreep di game ini trlalu berlebihan.. karakter ku eidolon loh? skrng di konten end game udh kek sampah yg ga kepake.. aku msih main smpe skrng tpi udh samsek ga ada rasa enjoy kek dlu main.. bnyk gorengan sana sini tpi msih brharap ada perubahan ati perkembangan positif dri hsr.. at least bakal nunggu smpe second anniv.. smoga ada perubahan yg berasa ato hal yg bikin player antusias lg
Nur Inayah,negative,2,"sebagai player yang main dari awal rilis jujur kecewa. QoL sih bagus, bansos lancar tapi hp inflation nya kaga ngotak. makin ke sini udah mirip game kakaknya yang ogah dengerin masukan player. gws deh."
夜,negative,1,"game flop, deserves 1 star"
狼Koga Sal`,negative,1,terus wae char husbu di nerf habis²an char waifu di dewa²in. lack event dan ladang nguli
Eni Putri,positive,5,Game nya sangat bagus walapun memorinya agak gede
Joan,negative,1,"Meta cepet geser, dev pemales, nerf character cowo biar yang cewe lebih spesial, character kurang ekspresif dan kurang gerak, layar hitam + teks bejibun, pakai kata kata dan istilah sulit jadi terkesan yapping doang"
Emmet Manafe,positive,5,"Game ini cukup bagus dari dulu saya mainkan, tapi saya mengalami beberapa Kendala seperti kesusahan pada satu tantangan yang memerlukan karakter yang bagus, walaupun sebenarnya itu tidak terlalu berpengaruh, saya masih bisa untuk mengatasi itu."
I Am Mia_,negative,1,"kenapa flop banget sekarang😢😢😢, udh gada b4 selama setahun, karakter yang cewe di buff habis-habisan sedangkan chara cowo (yes, anaxa) di nerf ga ngotak, event ga banyak, meta ganti terlalu cepat, nyari stellar jade jadi agak susah, jadi males mainin sekarang😔 hope they fix this as soon as possible cause many players are complaining rn."
Georgia Monica,negative,1,"Please make more husbando characters I BEG YOU PLEASE! You already too much to us female players who love collecting male characters.. you rob us and not giving the best for male characters? I buy supply pass, aventurine nendoroid, and others.. for what? to keep you thinking male is the sale! you nerfing Anaxa, put male in imaginary only, why? why too much on us. Soon you will throw Castorice and keep 'must pull' label on her. no. I won't pull her! Never. you too much hurt us. I want Anaxa..."
Kesya Alifia,positive,5,"Honkai PEAK rail, i luv my Glorious King Jing Yuan"
Amanda Putri,negative,1,"halah chara cowo nya di nerf mulu giliran cewe di buff abis abisan, mana powercreep nya gak ngotak. 😂"
Hilman Syafei,negative,3,"There are a lot of problem that you have to fix. I beg you hoyo. 1. Add more 4 star, they will give us a lot of variety of team and also your revenue 2. Reduce the HP in MOC or add more buff like PF and APOC, only 1 buff sometimes we find that really hard to complete 3. Add more event as F2P and also the jade for us to pull 4. THIS IS IMPORTANT, DO NOT GIVE ANY CHARACTER UNIVERSAL BUFF. IT WILL BECOME MORE TOXIC AND MANY PLAYER WILL LEAVE THIS GAME Thank you and i really love this game, tbh"
Diah zalfa Dz,positive,1,I REALLY LOVE THIS GAME 9999999+/10
M. Raihan Putra Agung,negative,1,Don't mind me. Just want to give 1 star so that the developers start working a little harder & listen to their international players more often
scarecrow,negative,1,L update
Miyuki,negative,1,Ini akun saya kenapa? baru main seminggu gak bisa login. sudah saya lapor ke cs respondnya tidak membantu sama sekali
Rizka Ananda,negative,2,"yg dibikin meta chara cewe mulu. chara cowo? kit cuman gitu gitu aja, kalaupun bagus paling cuman jadi support chara cewe, apalah. pas ada yg complain yg didenger cuman orang2 tertentu, lama lama mls kalo kek gini."
linosaurus,negative,1,"powercreepnya parah bgt, karakter lama jadi gak cocok buat dimainin di end game konten, b4nya gada lagi"
LYhehe Kar,negative,1,"stop listening to only chinese players. you think global players are useless? don't be a coward by only listening to complaints from your country. if so, just make a China server, no need for a global server. insane powercreeps, difficult end-game content, and the glorification of female characters. you guys made Castorice very strong but you nerfed Anaxa. like, come on, fix all that. do you need protests from Chinese players first? gosh, you guys have no intention of making a game."
Anneira,negative,1,"inflasi hp, powercreept, dan meng-anak emas-kan suatu karakternya kuat banget. (kurang adil jatah kasih sayangnya antara karakter A dan B)"
DANIEL FERDINAND,negative,1,no new 4 star char very bad game
Adibah Febriyanti,negative,2,"where's the men. GIVE ME MORE MEN. also, DON'T U EVER CREATE A RIDICULOUS GLOBAL PASSIVE, AGAIN. the feeling i enjoyed this game soon will be gone istg"
Ndori,negative,1,"the font is too small, I hope they add a toggle or fiture to make the font bigger or smaller. also the powercrept and HP inflation in this game is terrible. not to mention their need to add more imaginary Male chara as if 7 imaginary males wasn't enough!"
Intan Purnama,negative,1,"Nerf aja terus itu semua karakter cowo nya aniing. Ada male chara op lngsung di protes, lgsung nurut dinerf. Sedangkan female chara op dipuja2 terus huek 🤮🤮"
Riska Hidayatullah,positive,5,"story nya klo bisa jan terlalu banyak teka tekinya, karena bisa membuat kita jadi boring🥲"
Nerian Sichaly,negative,1,"no 4 star charcter for 6 patch, this game so greedy and going to ruin."
Alisha,negative,2,"dev gadengerin keluhan player, pelit banget sm chara cwo. akhir2 ini bosen banget gaada event, masa cuman gelud doang si (du). sesekali kasi event story lah abis nyelesain main quest. trus gada chara b4 baru. masa perbandingan animasi mydei sama therta beda jauh bangett? walau secara lore therta lebih kuat, blom lagi nanti anaxa sm castorice 🤣 perbedaan animasinya bagaikan langit dan bumi"
Chandra bassar Ramadhan,negative,1,where is the b4 character we needed that
Muhammad Hilmi,negative,1,Are you kidding me? No more new 4 stars characters?
SAMUDRA,positive,5,udah bagus nih HSR makin kesini makin menarik storynya
Khaira Zayan Asyarani 4D,negative,1,buff anaxa and my life is yours
Muhammad Saputra,negative,1,game kapitalisme
Olive,negative,1,"the storyline are good the quality is good, even more good that we can download it for free, and I know you wouldn't listen to female complaints. pls just add more four stars, it's not like the character's sale would be lower. The four stars chara in the game are almost useless due to the powercrept. I bet you guys can't even finish MOC with four stars team 🙄 the hp inflation and all, I hope it can get better so we can enjoy this just like how much we (players) used to."
Abah Eko wijayanto,positive,5,seruuuuuuuu cuma kadang ngelag ajah
maysaleesha aafiyah,negative,3,"haloo, aku new player dan pertama kali download game HSR. Anyway, kenapa ya ga bisa masuk ke gamenya? Nge stuck di layar hitam setelah keretanya masuk ke cahaya (screen). Apakah ini emang konsepnya? Lama bgt soalnya, aku udah nunggu cukup lama, ga masuk masuk atau ada hal yang lain? Untuk sekarang aku rate 3 bintang dulu yaa. Semoga dinotice"
BLOOOF,negative,3,"powercreep nya terlalu terasa,semakin ke sini,konten end game semakin susah,dan akan sangat memudahkan jika kita menggunakan char yg sedang rate up, tolong jgn P2W seperti ini,saya kecewa"
Rafid Syauqi,positive,5,"Hai, Rys... Karenamu aku suka game ini, begitu juga aku suka padamu <3"
Fahrul Firmansyah,negative,1,"Power creep nya sangat overkill, gamenya jadi gak seru, masa solusi biar gamenya seru cuma HP inflation musuh, ngeselin banget."
Gio Vanno,negative,1,masa tidak bisa login udah coba beberapa kali tapi tidak terdaftar terus saya langsung uninstall perbaikin dong
GliArif GliArif,negative,3,"Gamenya bagus aku main dari awal sampai sekarang,tapi sekarang mulai bosan karena event sedikit dan gitu gitu aja tidak ada perubahan sama sekali, dan lama kelamaan musuh susah dengan perbedaan besar pada char sekarang dengan char dulu jadi harus gacha char baru atau lebih tepatnya akan mengarah ke game P2P(pay to play)"
Shafira aulia Nisa,positive,5,MAKASIH GAME BAIK
Dafit Ly,negative,2,"meta terlalu cepat berubah powercreep terlalu gila, dapetin karakter GACHA senjata GACHA planar GACHA relic GACHA status GACHA GILA MEMANG TERLALU BERAT dan team pun harus komplit"
Nanda Nasru,negative,3,"Tolong hilang bug keluar sendirinya aku udah capek,akun udah aku rawat sebagus mungkin hilang"
Abdul Fathir,positive,5,mantap men
Anton Nurohman,negative,1,butuh waktu 1 tahun untuk mengunduh sumber data
K Ehan,positive,5,Perbaiki dong sering banget eror pas login
Kanazawa Kanna chan,negative,1,game ini terlalu memaksakan player nya untuk selalu gacha karakter baru ditambah stellar jade hanya cukup untuk 1 karakter B5 tiap patch yg dimana selalu ada 2 B5 lalu belum lagi player harus hoki untuk mendapatkan B5 atau kalo lose rate off bakal dapat karakter yang tidak berguna untuk end game bener bener sistem yang jahat
syabil Munadhil Arkana,negative,2,"main dari awal rilis dan bisa dibilang powercreep nya parah banget, karakter kayak dps yang dulu jadi gk kepake lagi karena darah musuh makin tebal jadi pas pengen gacha dps kayak ragu² karena pasti terpowercreep untuk beberapa patch selanjutnya, jadi malas kalo pengen gacha karakter karena masalah ini kecuali untuk karakter support yang memang masih bisa terus kepake (semuanya sih bagus² aja dari story dll kecuali ya masalah powercreep itu)"
Revannezar Revannezar,negative,1,"Gw dah lama main gem ini tapi ahir² ini aku gk bisa masuk di in gem ya. stuk di loding masuk ya saja ,tolong perbaiki plis!!"
Kania intan Salsabilla,positive,5,"The story, quest, etc. IT'S SO AMAZING!! ❤️❤️❤️"
Mr Game,negative,1,"simulatid univers membosankan musuhnya kuat bngt hpnya tebel2 ga ngotak,, nyita wktu bngt skrng pake hero meta segala makin males main"
Shalomita Putri,positive,5,sangat suka game ini!!! selalu menanti updateannya!! seruuuuu!!! baguss banget!!!!!! my comfort game ❤❤❤
gede nevan,negative,1,waktu saya login saya tidak bisa login mohon game nya dibenerin
Iqbal Kampret,positive,5,game baik
Aldo Borisman,positive,5,"Game Baik, sangat ramah dengan pemula, karakternya beragam macam dan story building nya bagus. terima kasih telah menciptakan game honkai star rail"
Cielle,negative,1,Let my 1 star speak
Stenly Nicholas,positive,5,game favorite 🫶🫶
Hafiza Fakhira Addyni,positive,5,give me dan heng imbibitor lunae💔
Edogawa,negative,1,powercreep gila
Silva harnawi Raisa,negative,1,bintang satu karena saya tidak mendapatkan mas Mydei🙄🙂🙂
Tia Rahmawati,negative,1,apalah gua download data 3 jam belum beres juga
Ahmad Zaidann,negative,1,Player baru yang suka kena rate off hard pity🤡
Набила bozovic Bozovic,negative,3,hokain star rail tidak seseru dulu saya rasa kek ada nya kurang
Fira Assundawyy,negative,3,"woilah cik,MC ceweknya dikasih suami dong, masa lesbie sih wkwk"
N.,positive,5,"The best Hoyoverse game that i ever played. Walau pun gameplay nya kayak gitu tapi ga ngebosenin sama sekali, karakternya juga bagus semua worth to top up & play!"
Esa Agung,negative,1,"Honkai: Star Rail saya kecewa dengan power creep yang gila banget, karakter lama jadi gak kepake😭"
Kenz Satriany,positive,5,"menurut ku gamenya udh bagus, selama main blm Nemu bug/kendala sama sekali, grafiknya bgs walaupun pake setting terendah kalo di hp. desain char nya bgs"". game ini jg kalo ngasih hadiah GK pelit, lumayan lah. sedikit saran banyakin event nya karena kalo semua udh di selesaiin event nya pasti bingung mau ngapain lagi palingan ngelakuin quest dan kasih tombol skip saat sedang dialog karena mungkin aj sebagian player pengen skip bagian dialog itu sepeti ZZZ,, itu saja sih."
EL,negative,1,sistem wish yang tidak adil. tidak ada jaminan untuk player yang sering kalah menurut saya ini game sampah
ARRUHUL JADIID HIBATULLAH (Arru),positive,4,ternyata berat gamenya lebih berat dari genshin impact 🗿🗿
Aloysius Aryo,positive,5,lebih seru daripada genshin🔥
Nazriludin,negative,1,"saya kecewa untuk DU versi sekarang terlalu sulit peluang yang sesuai keinginan, ketika saya gambler di zona kekayaan selalu dapat tidak menguntungkan dan persamaan"
Ryan Gosling,negative,3,ada bug yang membuat game freeze padahal tidak lag
Ocdy Tanta,positive,4,"hmmm, ok lah lorenya bagus tapi tambahin actionnya lagi biar GK boring 😅"
Nisel Kiki,negative,2,"Mihoyo ini gimana ini tolong diperbaiki lah hoyo, yakali aku log in gitu malah keluar sendiri, apalagi waktu log in juga kadang error tiba² padahal wifi ku kenceng bgt, dan juga, itu waktu lgi main juga sering keluar sendiri, tolong diperbaiki ya."
AnGgi 25,negative,2,"semua char meta diisi cewe, ya okay lah mengingat cewe kalo marah overpower tapi kalo di sudut pandang pertempuran kaya dr dulu jg prajurit tuh kebanyakan cowo karena fisik lebih mumpuni.. gw sebagai cewe bosen ngikut meta cewe mulu, ky di mata orang asing mainin game barbie, sekarang dah pull char cowo mau meta/ga meta biar ga dikira main barbie mulu"
Helty Indrawati,negative,2,loding nya itu terlalu lama tolong di persingkat yaa
Ryuu Nakamura,negative,1,"Kalau bisa kasih gw Firefly dan Ruan Mei dalam banner sekarang, langsung kasih rating *5 tanpa kompromi.. :) Sayang sekali Firefly tidak pulang, jadi skip ya.. (° H °)"
tedy heryana,negative,1,"just give skip story, i will buy welkins every month"
Misumi Ikaruga,positive,5,I love this game!
alfina kharisma wibowo,positive,5,bagus
handikahandika 618,positive,5,"bagus banget,tapi tolong powercreep nya di turunin🫠🫠"
Hafizh Ag,negative,1,hp inflation
ikhsan mahardika,negative,3,ini kenapa di suruh downlot data 2 kali 2gb pula oy devolover ini benerin cok serius dah masa jadi 4 gb sih downlot data updet nya bejir lah
Aji Mrar2,positive,5,bagus
Zein Husin,positive,5,bagus banget aku main ya sampe pagi sama malam
BangLnz,positive,5,"UI, design, dsb bisa dibilang udh cukup bagus lah. Tpi untuk bagian story terlalu bertele tele dan terlalu banyak layar hitam tolong lebih optimalisasi kan, overall untuk yg lainnya sudah bagus"
Dodii Menan666is,negative,3,"Story nya kebanyakan yapping GK langsung ke inti,muter²dulu kek game sebelah,baru dah beberapa puluh menit yapping nya masuk ke inti,yg bikin lama di story ya cuman yapping nya doang,soal permasalahan dari story nya palingan cuman beberapa menit kelar,gitu aee terus,mana gabisa di skip pula.. Dari segi gameplay graphic dll sih dah bagus banget,cuman minusnya cuman itu doang,story nya bertele²+sama kek game honkai pendahulunya,powercreep nya bener²kerasa banget buat dapetin pasar char baru.."
Yosep Meilano,positive,5,nice
Fatih El Rozza,positive,5,aku suka banget tentang petualangan apa lagi berjelajah.
Fadhil Fadhil23,positive,5,waduh....game nya bikin ketagihan
Shi Xiaobai,negative,3,"terlalu banyak karakter b5.kayak dipaksa gacha.sub relic tolong jgn def ,hp mulu.tolong kasih kejelasan rate sub relicny katanya persennya sama.nyatanya engak kn"
Sultan Anggara,positive,5,this game very essy
Hacker Tamvan,positive,5,Liat aj bagus game nya ap lagi main nya! :>
Aris Irawan,positive,5,kalo gk dpt castorice jadi b1 ini ulasan
Rami,positive,5,Bring back daily missions. I tell you
Reina,negative,3,"Banyak bansos, gak kayak sebelah"
Ananda Rizki,negative,1,"remove ranked points in x6 difficult du protean hero whoever decides that adding point system to a rng based gamemode should be fired, forcing player win every single scenario 4 times just stupid and outrageous theres nothing fun about gamemode if you just losing a point because a single mistakes and have to do that all over again just because some big head at hq thought it would be fun if they add a ranked points in gamemode that purely rng based."
Ayaaa Aja,positive,5,MASUK GAME NY SUSAH WOY
Nagi ch,negative,3,"sering terjadi black screen, saat melakukan misi atau, mengulang tangtangan, stuck di black screen sampai harus reload berkali kali."
Noviano Lean,positive,5,"game bagus cerita nya seru banget walaupun game berat tapi ringan lah kalo buat main lancar dan dunia nya indah banget kita kalo main game ini kaya serasa di dunia lain bagus pokoknya game ini, game hoyo terbaik menurut ku"
Rhefa Anatasya,positive,4,Game ny udh bagus cm pas udh selesai pengunduhan datanya sy mau masuk ke dalam game ny loading ny lama
aldo nofyan,positive,5,👍
Farhan Algifari,negative,2,Gamenya bagus baik banyak bansos tapi malesnya du storynya yang kebanyakan yapping.Tolong kalo bisa storynya yappingnya jangan kebanyakan pusing soalnya ngebaca story sampai 9 jam baru selesai.
Execute,negative,3,inflasi HPnya gak ngotak
Fa Del,negative,1,"semakin update terbaru semakin berat performanya, kayaknya HSR sudah mau migrasi ke konsol.. ""bye-bye mobile user"" -Hoyo"
Chuuunibyo xXx,positive,5,Map penacony bikin game sering FC
Enderking 1224,negative,3,"Plss fix the verification code i got a lot of issue, i want to change my email but i didnt get the code for it while i litteraly check the email that i recently used. i even asked it too to the feedback or something like it but got no replied."
Zul arsil majid,negative,2,ajg gamenya bnyk bet bugnya
Safitri Saraswati,positive,5,"segi story baik, segi penampilan karakter juga paling terbaik, namun pemaksaan dalam peningkatan ataupun mendapatkan karakter terlalu besar, biarkan f2p menikmati game ini."
M. Sadi,negative,1,"story kepanjangan gada skip, gw sampe 3 jam nungguin storynya selesai. Itupun belum selesai 1 story, apalagi stortynya yang banyak. Tolong kalau mau bikin film pisahin lah sama gamenya"
Katarina,positive,5,"Gjdi, sayang hoyo🥰"
Daniel Steven,negative,1,powercrept too fast
Marvelouis Scenly,positive,5,gamenya seru banget cuma masih harus p2w🗿
Rahmad Suntoro,positive,5,Terimakasih game baik (klo bisa powercreep nya di kondisikan le)
Kuro De Vans,negative,1,"Saya kecewa berat mulai di versi 2.5 sampe versi sekarang bug nya malah semakin menjadi"" yang awalnya bug lama dah normal tapi nambah bug yang lebih parah di hp saya realme C15 mulai misi pencarian lokasi selalu patah-patah sama layar jadi hitam, langitnya menjadi bergaris biru kayak layar eror, sama di wilayah penacony waktu grafis rendah sampai tinggi malah kota nya jadi menghitam kecuali grafis super rendah baru normal tolong di fix bug nya biar enak kita mainkan kedepannya 😭😭😭😭🙏🙏🙏"
Risky Anggara,positive,5,keren cuy
M.raihan Saputra,positive,5,Gimme mydei
Viemon,positive,5,Kasih Hoki Lah Cik Sekali Kali
siesta kawai,negative,1,ple* gw gacha 82 kalah apalah
dap 01,positive,5,honkai starrail android please connect dengan gamepad gamesir x3pro 🙏
RsKevin gmr,negative,4,ngantuk🗿
Akate San,negative,1,pity no recommended l lost 50/50 so grid
Dafina Alivia,positive,5,miaw
Wahyu Widodo,negative,1,"Saya sudah download datanya, tp kok malah kereset lagi. Maksud anda apa hoyo, GK ripek itu namanya yo"
Reck Now,positive,5,kece
Rysan Wonda,positive,5,kalah rate off di pity 87 😤
achmad zulfahmi,negative,1,"powercreep gila, karakter baru semakin op, inflasi musuh makin gk ngotak buat nyesuain char baru, karakter lama sudah jadi sampah, story gk bisa di skip kebanyakan yaping, penyakitnya sudah parah ni game, belum lagi on going char bakal ada global pasif, bener2 dipaksakan banget buat gacha karakter tsb untuk mempermudah akun lu, sudah tidak worth ni game, berasa bgt p2w nya. pemain nya sudah banyak yang out gara2 game nya makin kikir, reward endgame gk seberapa tapi bikin player makin tersiksa."
Alex Prasetya,negative,1,"Ga bisa login, login error aja trus, ampe seharian pun blm bisa login, jadi hangus tu esp gara gabisa login"
ahmad zhypyr,negative,1,saya diusir pas mau lawan numby mom
Ketuh gaming,negative,1,Saya sudah pensiun baru uninstall karena power crep nya brutal
medina zahra,positive,5,"game yang sangat baik, tidak seperti di game sebelah yang sangat kikir 🤫☺️"
Satria Nugraha,positive,5,Mantab
Alhakam Archive,positive,5,"game nya bagus (sangat bagus), karakternya cantik dan imut (jadi pengen eW3 Yunli jir😋😋)"
Ida Ayu15,positive,5,"keren, ya keren ajah"
Jonathan Ch,positive,5,seru
Rezky Fadilah,positive,5,Mantap game nya
Rei Mochii,positive,3,Game nya bagus sih grafik nya bagus juga tapi game itu sebenarnya buang buang baterai dengan cepat aku baru main 5 menit tiba tiba abis baterai
Black Jersey,negative,1,"Powercreep yang keterlaluan, bahkan untuk mengalahkan boss mingguan saja terlalu susah dan sering kalah, mohon ditingkatkan performanya ini karakter saya sampai tidak kuat melawannya"
Percy,neutral,3,"Tolong adakan fitur konsumsi stamina ganda pada setiap battle di saat Player ingi menghabiskan stamina, karena sangat boring dan membosankan bikin ngantuk memainkan game ini karena tidak ada fitur sweep reward atau fitur konsumsi stamina ganda pada setiap battle untuk mendapatkan reward!!!"
Naufal r,negative,2,Muak 5 patch di spam hard pity + kalah rate off
Nung Ging,positive,5,knp aku ngulang dari awal mohon maaf??🙏🙏 ( saya sudah punya akun trus saya sudah lama tidak main sekarang mau main lagi pake akun yang sama malah ngulang dari awal knp yaa?) all my account
Reza S,positive,5,Mau nyoba gamenya..
Syera Mitha,positive,5,Plis aku mau semua character b5 cowo
akun mahesa,negative,1,tolong untuk development jangan suka meng inflasi musuh atau mem power creep karakter
Ahmad Fauzi,positive,5,Gemes nya bagus dan grafik nya bagus banget
rachel demonnight,negative,1,"sudah tidak seseru dulu , musuh makin sulit darah tebel resist makin tinggi, bansos makin pelit , gacha hard pity mulu klo mau jualan char baru minimal rewardnya ditambah biar f2p bisa gacha char yang diinginkan"
Game kntl Asw,positive,5,5 star
THE LEGENDARY,negative,1,"Pls add lower graphic, it was smooth on my device but now is just too heavy..."
ouma wawaan,negative,1,adakan versi cloud game nya baru ku kasih bintang 5😀👍🏻
budi miracle,negative,1,trash rate off gacha . im out . thanks
Nabil Miqdad,positive,5,Game boros batre cuy🗿
Micko MaekeL,positive,5,👍
Rhizetsu,negative,1,"Divergent versi terbaru makin gak karuan damage doang pop up gede ngefek ke musuh kecil,"
Hidayat Bayu Pandoyo,negative,1,Kebanyakan yapping
Heidy Karen Sihombing,negative,2,"akun aku tb² ilang begitu aja, pdhl email ny udh bener. Mana chara aku udh byk"
Faqihazhar21,negative,1,loading lama tolong developer tolong ceptin loading terima kasih😤😤😤
ardhy Zaky,positive,5,Mantap
Its Adillah,negative,1,"GACHA RELIC SAMPAH, MOC GK BISA FULL STAR, INFLASI HP GAK NGOTAK, PENYAKIT POWERCREEP GILA! DAN KAPAN TOMBOL SKIP"
Hunen Abdul latif,positive,5,Good!!😍
Danang Dwi P,negative,1,kebanyakan powercreep anying
Vilania,negative,1,Malas main terlalu cepat powercreepnya
Puji Tri,positive,5,Game ini sangat bagus sekali
Fajar Pribadi,negative,1,Memorinya besar bikin ngelag
slamet bfc,positive,5,"game nya bagus, story nya dapet, sma karakter nya bagus²,minus kalo gacha karakter limit susah bener kaga dapet² tolong dipertimbangkan hoyoverse 🙏"
Raditya Pratama,negative,2,Maaf saya main pas misi petak umpetnya error GK bisa gerak sama sekali tolong dikasih saran yaa
BAGUS MAHENDRA,negative,2,Rate off terus
M.syahid .A,negative,2,"wah w dibully parah Ama ni game asli, dari segala aspek di In gameny akun w sampah parah ga ketolong"
Harie Pardan,negative,1,"Sering terjadi bug saat di divergent universe yg terbaru, gabisa masuk ke war nya dan udah terjadi 3 kali saya merasakannya. TOLONG DIPERBAIKI!!!"
Adeeva Bellvania,positive,5,"Turn base game , bagus banget , apalagi banyak fitur ² di dalam game , yang memudahkan pemain nya untuk ngebuild character di game , dan bansos yang berlimpah di game"
Falah Gaming,negative,1,BUTUH TOMBOL SKIP. DIALOG BERTELE-TELE MENGHABISKAN WAKTU
Zivanatasya,positive,5,"story nya bagus bgt. gameplay juga seru, cuman powercreep nya di game ini emg parah bgt, tapi ttp seru. karakter nya bgus² semua. semoga nnti makin bagus lagi"
Abram Asmara,negative,1,Pengalaman pertama yang buruk
Bagas A W,negative,1,Buff karakter lama? Wkwkwk lebih ke ngepull karakter baru untuk ngebuff karakter lama ini sih. Semangat dah yang masih main.
Farrel Setyanto wiratama,positive,5,Gak tau kenapa bgm dan suara karakter saat battle suka tiba tiba menghilang
yiiinn,neutral,3,Kayak gimana sih game-nya?
Azriel Muafa,negative,2,"Update! Saya sudah upgrade hp ke yang lebih bagus, tapi kok saya gak bisa memainkannya? Padahal saya coba genshin impact lancar dapet 59 fps, tapi di game ini 20 fps pun gak dapet"
Seyze Kun,negative,1,Game kikir
Muhammad Taufik,positive,5,"Saran aja sih kasih slot buat build karakter, mungkin ada beberapa karakter yang ditempatkan di tim berbeda dengan komposisi build yang berbeda, semisal punya 2 slot saya rasa akan memudahkan kita para player untuk bermain, mungkin ada juga player yang ingin mencoba berbagai macam build tanpa harus mengganti build yang sudah dibangun sebelumnya."
Hendry 04,negative,1,"Sekarang darah musuh jadi sangat tebal, powercreep gila, diwajibkan gacha karakter baru biar MoC kelar dengan mudah, karakter b5 lama sekarang serasa jadi karakter b4 gak ada gunanya. Dah lah mending pensi sudah tidak ada keseruannya lagi ini game👎👎"
Yowes s,positive,5,ABSOLUTE CINEMA
Yegi Yudistira,negative,1,"Banyak bug saat masuk pertempuran tiba² suka stak entah kenapa padahal sinyal bagus, terutama di farming artefak nya ampass bngt sumpah emang game ini pelit artefak sama kaya genshin l😡😡😡😡"
Aprilia,positive,5,"Dari segi gameplay dan story sudah bagus, tapi sayangnya pas di cut scenenya ngelag dan ngeframe parah karna grafiknya ga bisa disesuaikan. Untuk battle dan gameplay lancar-lancar saja kalau settingannya rata kiri."
ItsDenix,negative,4,Yapping/10
aqueena tsani aqeela,positive,5,ADA SUAMI SAYA DISINI🤭
03 Alwaan Firmansyah Winandry,positive,5,Absolute cinema
Starlight Kanebo,negative,3,"Mengapa Selalu Keluar Keluar Dari Game Dan Aku Berharap Banget Ini Segera Diperbaiki Oleh Mihoyo/Hoyoverse Apapun Itu, Aku Hanya Ingin Mainin Gamenya Dengan Tanpa Bugis Sedikitpun(Onegai Mihoyo/Hoyoverse)"
Ray GomennNasy.,negative,1,Gamenya trlalu pelit soal gcha susah dapetin karakter B5 buat dah
Yun秒 “SuryaAdiKencana”,negative,2,gem elit event & jade sulit
Kakek Tantrum,positive,5,Gem baik
Xaverius chevalera,negative,1,game non competitive tapi powercreep gila-gilaan sungguh membagongkan game ini.
ismatul hikmah,positive,5,"GAMENYA BGUS BGTTTT, aku suka bgt, dri story, grafik, gameplay seru paraaaahhhh. Walaupun powercreepnya ga maen maen💀💀 design charnya bagus bagusss, cantik ama ganteng ganteng. Aku paling suka ama Phainon pls, pacar gue. 🥰🥰🥰🥰🥰🥰"
Syahrul Ramadhan,positive,5,"Game seru, tapi update kedepannya yaitu performa game nya, hp saya patah patah dulu nya lancar main game ini, tapi sekarang malah patah patah, tolong update kedepannya performa game"
KK Yandi,negative,1,Gimnya Powercreep parah kalau pengen karakter lama jgn pernah di gacha fix gaguna dan gk bisa bersaing sama sekali
Bello Nathalio Fransisco,positive,5,👍
Kurogane Ikki,negative,1,Saat ketika di Luofu suka ngeglicht sama menu sampe harus pindah map yang lain tolong di perbaiki dong
Ahmad Fuad,negative,3,Sering fps drop mohon diperbaiki
Radesca Dnantha,negative,1,"Semuanya bagus tapi emang kadang pas login tuh suka eror mulu, dan ini udah dari lama tapi tambah kesini tambah parah. Ditambah lagi saya beli yang express suply pass dan setiap login untuk ngambil hadiahnya tuh ilang soalnya saya harus login berkali-kali karena selalu kena login eror terus. Tolong yah, sayang banget itu saya udah bbrp kali engga dapet hadiahnya karena hal yang sama. Mending kalo ke save, ini mah engga cug."
RXHERTA,positive,5,Versi lebih sempurna dari genshin mulai sistem gacha weapon/lc yang memiliki 2 banner dan penyelesaian quest harian yang lebih mudah dan praktis. Edit ulasan:setelah main sampai level Trailblazer 66 dan melewati quest Penacony saya jdi makin gk ragu buat kasih ini game bintang 5 karena story nya yang bagus banget serasa nonton film mana suara Robin juga bagus banget. Hoyo terlalu niat bikin ini game sampe musiknya si Robin pun enak di dngr overall 10/10. But masih ada kekurangan powercreep chara
Chuu,negative,2,"su makin susah, kdu pke char meta bru bs tembus.. PAS MAU AMBIL CHAR MALAH DIBIKIN KALAH RATE OFF MULU DAH KEJAMM, PERCUMAA BANYAK2IN BANSOS UJUNG2NYA KALAH RATE OFF + HARD PITY SENGAJA YAA DISRUH P2W? MANA KADANG NGEBUG PAS LG NGELAWAN MUSUH, MALAH NGESTUCK LAMAA BGT, GA ENJOY MAINNY. GILIRAN MAU PULL CHAR META DIKASI KALAH RATE OFF MLU BUSET DAH STRESS LADANG SJ MENIPIS BOSSS SU GA KELAR2 MUSUHNYA SUSAH BENERR, KENA ONE SHOOT MULUUUUUUUUUU"
Yudhistira Taqwandaru,negative,1,"Kenapa ga bisa lagi pakai controler? Padahal dulu awal rilis bisa langsung detect controler kenapa sekarang ga bisa, udah coba reset controller nya, login logout gamenya, coba di device lain. Sama aja ga bisa detect controler. Padahal di zenless zero detect Lo. Terpaksa un install lah. Buat apa ga bisa pake controler sia sia puluhan giga ku"
Kuha kuu,positive,5,👍
Belzz,positive,3,farm relic planar ampas banget
pfa _24,positive,4,Bagus banget!! ♥️ Tapi tolong kasih fitur co-op/mabar dong biar bisa co-op/mabar sama temen.. 😔🙏
Alfatah Nur Ramadan,positive,5,Seru
Annisa Salsabila,positive,5,"pliss ciptain versi cloud nya kayak ""genshin cloud"", hp ku tdk mendukung main game berat plss🙏🏿🙏🏿🙏🏿"
Alimah Diah,positive,5,Seruuuuuuu
Adi Wijaya,negative,2,"tambah fitur ganti mc lah mihoyo bosen gw pake mc Stelle, dan tambahin fitur skip juga lah cape main side quest kagak bisa skip dialog nye."
Akmal Kamazone,negative,1,Powercreep berlebihan
Lambertus Alfa Cery Juan,positive,5,Sangat Bagus Dari Segi Alur Cerita Dan Karakter Yang Ditampilkan Sangat Lucu Dan Cantik Dilihat
Kris,positive,5,Tolong update sarver nya agar lebih cepat ketika login
miftah Najati,negative,2,"ini di story Amphoreus 3.0,dst. VA English trailblaze, dan Heng, himeko, sama Kafka, kemana jir? kok gada? kan bikin kosong banget, apalgi Kafka :(("
Guardian,negative,1,"If the powercreep issues, few events, and boring story aren't fixed then this game will definitely fall apart."
Muhammad Rizal Santosa,negative,1,Semakin kikir gachanya
Nero V,negative,1,penyakit powercreep gila
Orang Orangan Sawah,positive,5,Saya menikmati gameplay dan story nya
Tamam Munjir,positive,5,lanjutkan hoyo
Sulton Ahmady,negative,1,"Setiap update End Game Konten kok makin susah!! Karakter lama gak bisa dipake & kudu pake new karakter mana kudu premium team lagi, Powercrep gila²an - syarat fullstarnya sulit -hp inflasi - jatah cycle dikurangin -ulti musuh sakit - mengedepankan meta."
K e v i n,negative,1,"Bug login, layar berubah menjadi unggu, gameplay nya apa lagi berubah jadi unggu. Padahal perangkat saya kelas menengah"
Gama Arya,negative,1,"Story inti cuma seberapa, kebanyakan story nyimpang dan ngobrol bertele tele Tolong fitur ""Skip"" nya kakak"
Fikri Aja,positive,5,i hope the powercreep is decrease
Genshin Impact,negative,1,Ukuran download terlalu besar gak jadi main
Kurosaki Yuuki,negative,1,Gamenya tidak bisa ganti sistem selalu menulis penuh ada apa dengan game ini?
Dendi Setiawan,negative,1,"Udah ga seseru dulu, dari segi animasi dialog ga ada perubahan, event endgame cuma fokus whaler doang. F2P sudah tidak friendly"
Epsilon,negative,1,Konten end gim kek mmq
Tomi Suganda,positive,3,Gimana cara atasinya mau login udah masuk di in game ngefreeze sekitat 10 detik abis tu normal lagi kasi tau infonya
Mr Man,negative,1,Fake rng
Rayyan ArKa,positive,5,Game ini sanggat bagus.tetapi jika dipakai di Hp yang penyimpanannya rendah ini tdk akan bisa di mainkan jadi saran saya agar grafik dan resolusi nya di pisah jadi grafik diatur sedang resolusi juga tdk ikut sedang.mungkin itu saja keluhan saya.
Baby Babi,negative,1,Game lag parah baru verifikasi data udh fc
Isaac Vincent,positive,5,Bagus
Gilang Ramadhan,positive,5,"tolong adakan fitur mengganti MC seperti di zzz, wuwa karena itu sangat penting bagi saya saya ingin berganti menjadi charakter stelle karena cantik dan lucu mohon di muncul kan fitur ganti MC nya........"
Ashari Himejima,positive,3,Abis update suka ngestuck pas masuk pertempuran woi
Ze,negative,1,Kikir
Muhammad Fauzan,negative,1,gamenya payah jaringan bagus tapi lama masuk ke game nya .padahal jaringan saya bagus
Atik Diego,positive,5,Sangat seru
Kharisma,positive,5,"Game baik, Story bagus + bansos gacor + sistem gacha yang cukup bersahabat buat f2p + gameplay menarik + simpel karena gausah teleport ke sana-sini buat crafting sesuatu."
Hamzz,negative,2,susah bet dapat kode pendaftaran nya telat mulu datang nya di dalam game dikasih waktu 1menit ini kodenya datang 3 menit ya jadi habis duluan waktunya.
Rima Metiana,positive,5,"Ini game pembaik cuy, peluang dapetin karakter b5 nya lebih gede disini daripada disebelah, anjayy👍"
Alfan Santoso,positive,5,Game bagus meski ada kekuran bug layar hitam saat Qonquest atau story aku kasih 10/20 story bagus gameplay bagus
Meysha Alvionita,positive,5,"very good, very well"
Shinta Embun,positive,4,"Dari segi grafik udah mntep apalgi karakternya, tapi plis dong, kan pas lagi di divergent universe tuh kadang pas mau rotasi ke day/night nya malah layar stuck di bagian perpindahan nya, ganggu bgt, jadi gk tau keadaan unit kita gimana + harus restart :/"
Arfan L.A,positive,4,Setiap main DU pasti pas lagi pergantian dari siang ke malam selalu ngebug. Udah stage terakhir pasti ngebug disitu mau ga mau harus relog ulang + main dari awal lagi
Rian Abdulrahman,positive,5,Game bagus ini mah favorite saya ini game saya suka game ini mah paling favorit
Yudhi Yogaswara,negative,3,Gamenya berat
Adun Rantau,negative,1,Game lu gacha nya ampas di tambah ngumpulin diamond nya susah. terlalu banyak materi yang di perlukan hanya untuk upgrade 1 karakter. Development ampas 🤬
Rauqan R.r,negative,1,"Alr, I had it with this nonsense, hp inflation and the end game content buff that only specialized to latest character really ruin it, almost played for 1 year now, but I think it's time to go"
Zhaky Arkan Syahputra,positive,5,Sehat sehat gem baik
roman cupluan,negative,2,Overall bagus cuman minus skip misi ngga bisa
M Nurul Fazri,positive,5,Game ngantuk
Evin Syahputra,negative,1,Bad
Ayden`,positive,4,"overall udh bagus semua, tapi tolong end game konten ny apalagi DU makin lama makin susah&HP musuh semakin tebal jdinya mau clear in susah.. 😭💀😮‍💨😔🙏"
FARHAT GAMING,positive,5,"Story bagus, penampilan charakter nya juga bagus, pokoknya game kesukaa dh👍"
Syadam Mhmmd,negative,3,"Terlalu banyak omongan yang ga penting, ada beberapa player yang memang suka dengan storynya cuma ada beberapa player yang memang waktunya bisa terbuang percuma cuma gara² dengerin obrolan ga penting plisss lahhh mihoyoo tolong kasih tombol skipnyaaaa!!!"
APRIAN Widhi wibowo,positive,5,Aku butuh tombol sekippp
Khadafi Rabbani,negative,3,"Penyakit Powercreep gila cik☝️🤓,hp boss inflasi dah kaya BBM😹,tapi GPP gacha gw menang 50/50 trus🤭"
Gresiaa fr•Gamee,positive,5,Pemulaaaa baru maen Seneng bgt bisa mainin honkaii Salah satu wishlist hehe Honkai udah tinggal Genshin dehh :D
Tan Yiung,negative,1,Game: strategi dan peperangan In game: percakapan 90% perang 5% strategi 5% Ini game ganti genre aja lah
FALL,positive,4,Oke
win narsih,positive,5,Game nya seru dan grafik nya bagus terus lawan bos nya menantang
Muhammad Rialdy,negative,1,Tolong diperbaiki loading di bagian kereta nya sering nge stuck
HANS KURNIAWAN,negative,3,untuk developer tolong dot di buff lagi karena mommy kafka nganggur selama setahun lebih
Akzul Habirul,negative,1,"Optimalisasi lagi gamenya ,pas bagian login lag parah padahal grafik low"
Yurdiansa Handika,negative,1,"Boss di story dibuff makin susah Sedangkan character untuk counternya terlalu terbatas, defender bintang 4nya gak ada Ini developernya terlalu mikirin DPS mulu tanpa mikirin defender baru yang lebih murah Fitur skip dialognya gak ada Padahal banyak banget dialog yang emang gak perlu dimasukin Contoh noh kuro games yang selalu berbenah buat gamenya Bukannya cuman buat meras duit player doang tanpa ngasih hal yang berguna buat playernya Mau heran tapi game china"
Mark Frederick Lincoln Rondonuwu,negative,1,"Hsr sudah tidak seseru dulu. Musuh sekarang semuanya tambah tebel dan atk yang sakit banget sampai bisa one shot, karakter yang dulu malah gampang banget kalah saing dengan karakter baru sekarang. Terasa seperti update sekarang memang memaksa player untuk gacha karakter yang baru dan melupakan karakter yang dulu yang sudah saya main dengan nyaman."
Crosshairs08,negative,1,"Amphoreus 3.0 and 3.1 has Bad Storytelling, Broken Powercreep, and EN Dub of Main Cast is still Unvoiced..."
M Andri Ilham,negative,1,"Tolong dong karakter b4 dan karakter b5 lama bisa bersaing dengan karakter baru, karena setiap mau main (moc,dll) harus gacha terus karakter baru karena meta tapi karakter lama jadi gk guna sama sekali kan sayang. Tolong di perbaiki.."
Fikk Ey87,negative,1,"sistem gachany ga realistis, masa untuk player f2p dikalahin terus rate offnya"
Afri Yuanda,negative,1,"mohon verifikasi keamanan akun gua dibuka dong,gua gatau dimana letak kode konfirmasi keamanannya"
Rahdan “Ahda” Saputra,positive,4,Bagus sih Tapi bintang 4 dulu Masih banyak bug Contoh pas ambil item malah ga keambil Lalu pas loading masuk layar hitam Harus uninstall dulu baru bisa Tolong lah
andoy Sughoii,negative,2,Tolong tambahin fitur skip story untuk quest. Males banget ngerjain quest kebanyakan yapping. Hadiah cuma 50sj doang
MACK ZAG,positive,4,"Terdapat Bug blank screen yang memakan waktu lama tiap kali masuk ke zona baru di DU/SU & ganti adegan di main story. Adegan atau efek sering terlambat dan lagging tanpa alasan jelas padahal jaringan stabil & device masih mumpuni, padahal dulu sebelum update patch amphoreus masalah ini tidak ada. Mohon perbaikan dan sarannya"
Der ra,negative,1,"Setiap ada hero baru, hero lama tidak terpakai lagi Mewajibkan harus top up yang banyak. Game ini di khususkan untuk Pay to win"
alya khusna,negative,2,Banyak bug nya jadi gak seru main
Syifa Adelia Samsuri,negative,1,"gw niat mau balik main hsr soalnya akun nganggur 2 tahun, tp kenapa skrg gbsa masuk ya? mau masuk layarnya hitam semua, ada yg tau? tolong jelaskan."
Yuvi Xiao,negative,1,"Kalah rate off terus apalah, pity tinggi pula, malas 💀"
Ratu vinata,positive,5,"Karena Sekarang saya sudah bisa login, menurut saya gamenya makin lama makin menarik tapi kadang ada aja yang bikin bosen, entah itu tentang percakapan yang terlalu panjang dan lumayan sulit di pahami jadi harus baca 2 kali (ini menurutku) dan dll. Tapi sejauh ini aku suka sama gamenya, karena menurut aku game ini ga susah, kalopun susah itu cuma sedikit doang."
Nanda Morgen,negative,1,"Tolong untuk loading masuk game berat bener... Masak yg ghensin impact cepetan ghensin impact sebenre game nya bagus, tpi tolong soal jaringan makek wifi kecepatan 100mbps baru bisa, pakek data xl, simpati g bisa ... tolong d optimalkan lagi soal jaringan"
Desyifa Sukma jaya,neutral,3,not good but not bad
Gabriel Milan Fernandes,negative,1,Inflasi yang berat buat pemula
Aditya Rizky,negative,1,"Pantes top pendapatan trus, powercreep characternya jalan terus, beberapa bulan kedepan pasti ada aja dps yang meta, bakal keganti dengan yang lebih bagus. Dan terkadang hal ini juga akan berlaku pada jalan story yang dimana perlu character tertentu agar jalan story bisa lebih mudah, tapi kalau tidak punya, susahnya minta ampun, frustasi aku main game kaya gini."
Meow Gawr,positive,5,game rpg terfavorit bagiku❤❤❤
Athan Divano,negative,1,the boss hp 💀
Hadi Andi Farhan,negative,5,Nah Its done now...
Tiara Mbo,negative,3,"black screeeenn mulu, kirain gara2 device ternyata bug dri game. plss di perbaiki."
Septian Chandra Syaputra_0322,positive,5,Biarkan aku menang 50:50
Alif Alfian,negative,1,Padahal saya mau main lagi eh tapi kok akun saya hilang dan juga kok Donlow lagi sih
Biawaks,negative,1,Powercreep issue
Shiba Tatsuya,negative,3,Entah mengapa sekarang terasa boring apalagi character lama udah pada kena powercreep jadi ya harus ambil character baru
andhika suryo p,negative,1,"Terima kasih game baik selalu kasih kalah rate off pity 75++ dari awal rilis sampai patch 3.1. 50:50 tapi dikasihnya kalah rate off mulu. Dah lah capek, hp inflation makin nggak ngotak gacha karakter kalah rate off mulu. Uninstall aja dah."
Sessaro Dervan,negative,1,Still no skip button in cut scene
Ya Saya,negative,1,"Ga bisa pakai gamepad/controller, coba tambahin fitur gamepad/controller kayak di game ZZZ"
Ghost 2511,negative,3,Tolong ada in skip dialog untuk side quest
Bayu Nugraha,negative,1,"Main game ini dari versi 1.0, dan jujur kecewa dengan kekuatan antar karakternya, karakter lama dengan karakter baru terlalu jauh gap kekuatannya, terutama karakter-karakter v2.0 kebawah sangat lemah, seringkali tidak terpakai. Sepertinya pihak pengembang terlalu memaksa player agar terus mendapatkan karakter baru."
Duke Daffa,negative,3,"Ada BUG dibagian awal main Deserve Universe versi Amphorius tidak bisa bergerak karakter nya padahal sudah tekan semua tombol tapi tidak bisa bergerak sama sekali.Punya 2 akun dan semua server sama saja BUG nya dibagian main awal Deserve universe versi Amphorius,dimohon untuk diperbaiki lagi🙏"
caceng kermi,negative,1,"GAME JEMB*T,BURIK,BUANG² WAKTU,GA JELASS game apa si susah bener dah,harus ketergantungan elemen,musuh damage ga ngotak,baru lvl 30 ngulang bos dah puluhan gilak,batlle bergiliran memang mengecewkan,percakapan yang terlalu panjang,membuang banyak waktu,dan fitur chat juga ga guna,meresahkan banget,ga bisa di skip,ini game apa NOVEL si,disuruh baca terus,dan baru juga firs gacha karakter b5,langsung di kasih rate of ga tu,apasi ni game"
Oktarino Yudhonugroho,negative,3,To much useless story
Puji Rahayu,negative,1,Layar hitam terus gak bisa dimainin
dhimas cpw,negative,1,"Worst story update for 3.1 Kill trianne for no reason To much hard boss Drop chance for 5 star is to low also stop give drop for character that already 6E, its ok if 4 star but 5 star is just to much unfair. Game became very heavy on android for no reason, fix the optimalization."
Hawabunga,positive,5,terimakasih sudah menciptakan pria setampan Jingyuan dan Mydei❤️
Udin _,positive,5,"Maafkan kata² kasar yang saya lontarkan kemaren, saya dapat tribbie softpity makasih game baik sukses selalu🔥🔥"
Zuriko DK,positive,5,"Sudah mulai kecewa ama ini game powercreep nya kagak ngotak,kalau ingin content endgame harus ngikutin character yg baru"" sedangkan saat gacha di bikin kalah rate off mulu+hard pity hadehhh makin kesini untuk player f2p sudah gk mendukung lagi"
mutiara,negative,1,Balikin pipi merahnya Gepard dong🙏🏼 F u cn player 😞🙏🏼
Fiqri Helfiyandra,negative,1,"Kesulitan game terlalu tinggi banyaknya character yang mengalami powercreep,HP musuh Inflation dan damage musuh yang tidak masuk akal hal itu membuat pertarungan terlalu lama,serta merasa Burnout dan jenuh ketika bermain membuat game ini seperti Game P2W dan tidak lagi menjadi game strategi Saran saya 1.Turunkan Scaling HP musuh 2.berikan Upgrade karakter lama melalui Buff atau sistem ajustment stat Saya harap keluhan ini dapat mengembangkan game ini menjadi lebih baik"
Ibnu Rizqi,positive,4,"Gamenya seru banget wkwk, cuman satu keseringan kalah rate off bjir, coba ga gitu dah pasti bintang 5"
Star rail,negative,1,terlalu pelit akan fitur dan player
Putu Satrya,negative,1,"why did the huo huo voice have to be changed to something worse, I'm more comfortable with the old voice.."
Light To Dark,positive,4,"Need 45Fps , like genshin impact please :)"
robin lubis,positive,5,Best👍👍
VizanKun,positive,5,Good
Leo nardo,negative,3,Gacha ampas
Arifin Hakim,negative,2,"SIZE DOANG, GEDE TAPI TOMBOL LOMPAT GADA, APALAH GAME NI😡"
Moh imam Syafii16,negative,1,"KECEWA BERAT. GK BISA LOGIN KE GAMENYA, KARENA TERJADI ERROR."
Manusia Berkaki dua,positive,4,udh bgus sih
Ati Nuriati,positive,5,Grafiknya bagus
HLmin Hidayah,negative,1,"Ini game kenapa dah??DU baru banyak banget bug,dan Bug nya ganggu banget.kayak tiba tiba crash lah,event nya gak muncul lah,pokok nya bug bug gak jelas yg ganggu dah.tolong lah kalo niat bikin update, benerin dulu bug nya,kalo emg blok siap buat update patch gak usah update.bikin emosi org aj"
アリヤDytzy,negative,2,"Tidak ada fitur menurunkan level Equilibrium seperti kakaknya saya harap fitur ini di sediakan karena saya adalah salah satu orang yang kesulitan di level equilibrium tinggi saya berharap dapat menurunkan level equilibrium agar bisa melanjutkan quest karena saya tertahan di quest 3.1 dan saya tidak memiliki healer b5 karena itu saya tidak dapat melanjutkan tantangan, saya harap agar di adakannya fitur ini agar bisa melanjutkan questnya 😭"
Gabriela Anindita,positive,5,It's really fun but there's too much talking and you can't skip it so it's a bit boring but it's fun I like the graphics I hope it's updated to be better and cooler Keep your spirits up :>
Aura Saffa,negative,1,"Udah nunggu Lama loading malah Gambar hitam doang yg muncul 😂😂 inimah Pembuat stress aja , I need a cloud version"
Rafa Dwi,positive,5,"story keren sama bagus parah, bansos ngalir, desain karakter cakep cakep, gameplay mayan lah, walau turn base tapi game ini ga ngebosenin, five star lah buat game ini semoga update depan story nya makin bagus lagi, aku sempet mikir sih kalo game ini di adaptasi kan menjadi anime, kira kira bagus ga ya? tapi gapapa, walau begitu game ini bagus banget, hovoverse berhasil banget ngebuat game ini semangat untuk hoyoverse semua update depan bansos nya makin ngalir lagi ya😹"
Muhammad Novanndo,negative,3,KEBANYAKAN CHAR BARU BUAT PLAYER PEMULA GA RAMAAAAAHHHHHHHHHHHH SUMBER JADENYA JUGA RATA RATA DARI KONTEN ENDGAMEEEEEEEEEEEE GACHA SUKI AMPASSSS
Kuro Kuro,negative,1,Powercreep gila HP musuhnya tebel amat
Septian Saleh Hidayat,negative,1,"Game pay to win, Baru main aja udah susah banget lawannya. Bukannya skill issue tapi emang freebie hadiahnya dikit banget buat player baru, gimana mau betah main ni game? Pantess bintang pada jelek"
Chania Ramadhani,positive,5,POKOKNYA SUKA BANGET AMA NIH GAME PLIS KALIAN HARUS COBA
Alvin Adrianof,positive,5,Game baik hati Thanks Hoyoverse
Fais Hidayah,negative,1,Developer pemalas
Daffa Dzulfaqar,negative,1,"Mohon maaf, jika kalian bermain game ini jangan top up. Buang buang duit mu saja. Saya topup Rp. 1.600.000 hanya dpt E1. Total 250 pull gacha tribbie. Sistem Gacha di Game Ini sangat rusak hard pity dan rate off nya sangat rusak. Tolong perbaiki sistem gacha nya. Dan saya sangat kecewa dengan powercreep nya."
Davi Pedrosa,positive,5,Game yang luar biasa untuk aku
Rafa Almutashim,negative,1,Gamenya sekarang gak seseru yang dulu. Dulu semua mode game masih seru buat di mainin dan tantangannya juga masih terbilang bisa diatasi. Sekarang game terasa seperti ajang untuk memamerkan kerusakan terbesar karena musuh makin memiliki hp dan atk yang besar. Belum lagi karakter baru yang membuat karakter lama jadi kalah bersaing. Saya harap ada penyesuaian yang lebih baik di update selanjutnya
Malik Rahmatullah,negative,1,"Katanya di 3.1 akan berubah. Tapi nyatanya apa? Story Full YAPPING, Monotoon, di SKIP ga bisa, Black screen. HSR becaming like Genhsin and Became never listen like genshin. Honkai Star Rail Could Never"
Enrico Airlangga,negative,1,"Powercreep gila, inflasi HP tinggi, kalah rate off mulu. Mending ga main ini game!"
WZWZ,negative,1,Trash
Azkadina Ranya,positive,5,"Cerita bagus, ga pelit..tapi boleh lah ditambahin tombol skip biar omongnya gak banyak, kalo tentang map dan design karakternya wahh bagus sih! Tapi sayang ada beberapa bug..tapi okelah!"
bruticus,positive,5,Makasih game baik
ghina nadhira,positive,5,Game nya gak kikir. Terima kasih game baik😇
Aga Auga,negative,1,"Story busuk kebanyakan percakapan tidak penting, dan semenjak diupdate banyak bug seperti saat login terjadi kesalahan jaringan padahal lancar, masuk ke battle juga stuck"
Y sron Nn,negative,1,Ampas kang!!!
Yehuda Christian,positive,5,Game bagus
Silver Crow,negative,3,Mode siang dan malam membuat freeze saat pergantian siang dan malam dalam battle.
Asrafli,negative,1,Game gila. Damage udah nyentuh puluhan juta cuma geli2 doang ke kroco...lawan bos ampe mau setengah jam. Dah kek orang gblk liatin adu baku hantam..seru kaga ngebosenin iyee
Martini Karim,positive,5,Cuma game ini yang paling bagua di antara semua game mihotod
Rakha,negative,1,"kecewa sih, karakter karakter b5 pada versi awal awal seakan akan udah setara sama b4, kafka gw yang dulu kaya damn op bgt, skrg gada apa apanya wkwkwk"
test percobaan,negative,1,SKIPPPPP BUTTON MANA WOE
Muhammad Halim,negative,2,Ini game kalo mau main saran gua punya banyak paket jir lama banget gua aj 2 jam nunggu belum selesai
0 19,negative,1,Gem ape ni!
Susilo Wahyu Mukti,positive,5,🥰
Clar r1212,positive,5,"Game baik, banyak bansos,ramah player f2p. Kdg gacha soft pity, meski kdg juga kalah rate off&hard pity. Event nya banyakin dong min, kalo ngasih boss jangan susah-susah yak, makasih banyak udh nyiptain ini game, meski harus grinding & gacha mati-matian. Ini game kek nya kgk cocok sama org yg waktu luang nya dikit MOHON UNTUK DEV NYA TAMBAHIN FITUR SKIP DI BAGIAN DIALOG PLEASE, YAPPING NYA PANJANG BANGET BUSEET"
Draw legend,negative,3,Yang bener Napa baru download dah ga bisa login
Emiya Shirou,positive,5,"TOLONG SEDIAKAN FITUS SKIP CERITA, KARENA SUSAH BUAT NGEJAR KETERTINGGALAN YANG JAUH, Gada fiturbskin jadi males banget buat mainnya, coba kasih perhatian sama orang yang udah bekerja karena gak banyak waktu buat ngikut story yang udah jauh."
Sugeng Sdn,positive,4,Diperbaikin lah permasalah login nya Baru maen lagi udah kena kendala login
Irvan Bivanka,negative,1,Terlalu berat
E N D,positive,5,"Tolong di next update adakan pengaturan untuk sembunyikan text damage, bermain di Divergent Universe sekarang saya liat banyak sekali text damage sampai membuat device saya nge lag sekian."
kurumi,positive,4,saran saya tambahkan hadiah gratis untuk free to play
[ARTUR],positive,4,Masa pas lagi main kan di suruh download data kan tau gak ps udah selesai malah layar ku hitam semua walau udah keluar masuk lagi masih sama mana download ny lama lagi 😭😭😭
Enjun Nn,positive,5,Terimakasih game baik
Mokel Zkuy,negative,2,"Dialog kurang panjang, udah ku baca secepat mungkin, selau tap tap layar cuma demi selesaikan story 1 bagian aja, setengah jam blm selesai juga, malas aku push story, padahal jari selalu tap tap layar biar dialognya cepet ganti, terlalu bertele-tele perubahan sudut pandang kebanyakan, mulai tuman ni, dialog gak terlalu penting harusnya bisa jadi 1 sudut pandang aja ini malah jadi 2 biar makin panjang dan ribet aja, dah gk usah push story"
Bi Muhammad,negative,3,"Makin lama makin bosen ama ni game, coba tambahin bansos atau guranted untuk gacha ny di tingkatkan males bgt ah rate off mulu mana selalu hard pity, klo hard rate on ny minimal soft pity lah kasi kemudahan buat player f2p..."
Ifaa,positive,4,Tolong tambahkan laki-laki cantik lagi dan stop kikir 💜
Salman Alfariz,positive,5,Tolong adain skip untuk dialog story Yg lain udh perfeck
Sinta Afni_016,positive,5,"game yang indah bngt... story nya, mantap"
Fahriza Ramadhan,positive,5,bgus
Nihility,negative,1,"Bye bye hsr,udah saatnya pensi.main dari banner Seele patch 1.0 sekarang char berasa sampah bgt,musuh inflasi hp gila gilaan.Kecewa berat, jadi sampah gini gamenya,rugi waktu rugi uang. Tau kalo arah gamenya kehal hal dongo kek gini gausah top up,game idiot"
Muhammad Ziddan Al Kautsar,negative,3,"Seperti biasa bos yang susah bagi kami yang player gratisan, udah HP gede make tim Crit (F2P) Salah, make tim break salah (F2P) mau mu apa sih?, biar kami top up gitu?, next update kasih juga tips cara lawan bosnya di ingame, kebanyakan pada males soalnya.. mana Memory Of Chaos Juga susah bner lagi Btw ini bicarain tentang Bos Amphoreus yg nganu in Trianne"
Raditya Wahyu Sugiarto,negative,1,Yapping star rail + no skip button 🤣
Athobarani,positive,5,Game turn base terbaik ga ngebosenin plot nya bagus walaupun agak rumit dan kompleks cutscene sangat keren waifunya banyak cuman masalah powercreep character saja yang menjadi masalah semoga lebih di perhatikan. thanks hoyoverse❤️🔥🔥
Agil Nursyahbana,negative,1,Babi
mohazzahroni zahid16,negative,1,Masih sering terjadi masalah saat proses login masuk ke ingame. Sampai tidak bisa masuk ingame sama sekali. Tolong segera perbaiki
Daffa rizki Oktavian,negative,2,"Gamenya bagus aja sih, tapi kok di sini ngga pernah hoki ya ... Udah lumayan lama main tapi baru menang rate off banner karakter cuma sekali ?! ( Udah gitu hard pity mulu lagi ) Masa iya grinding mulu ? Minimal kalo kalah rate off jangan hard pity lah. Di genshin padahal aman-aman aja tapi di sini kayaknya udah parah banget nih. Semoga kedepannya bisa lebih baik ya ke gw."
Luky Hardiansyah,negative,3,"Keluhan saya terhadap game ini -Power creep yang kurang ajar, ini game jadi lebih ke strategi gacha asli -Gacha relic yang keterlaluan, Sumpah nya gw dari awal firefly rilis sampai sekarang(02-03-2025) gacha buat relicnya ga ada perubahan sama sekali aslinya giliran dapet relic bagus tapi pas di up malah ampas udah di kocok pake item baru sama aja. Sebenarnya semuanya udah bagus cuma 2faktor di atas berpengaruh banget ke gameplay, main jadi males soalnya login>gacha=ampas=bad mood=ga nge story."
Sutrisno Trisno,negative,3,Baguss cumaa seringg bertele²
J X,positive,5,"pom pom please fix your power creep, that bad for F2p player"
Yviefgie dreamy,negative,1,"ngeglitch terus semenjak update, heran. yang bener dong, lagi asik main gini terus, tolong nih ye."
Almulkus Sulthan Enkos,negative,1,Gamenya sering stuck ketika pergantian siang dan malam di DU
Anhabyan,positive,5,Cool
Muhammad Adnan azizi,neutral,3,Please add some feature for skip the dialog in the story......PLEASEE....
Dzacky Evans,positive,1,"wah gamenya baik, selalu dapat bansos dan tidak pelit😹"
LEON,negative,2,tolong benerin lah yang buat pembuat nya masa setiap mau login layar selalu hitam terus kan pemain nya jadi terganggu akan hal itu tolong buat hoyovers benerin dulu bug itu biar ga repot
Jildane Aden Alfi,negative,1,Sejak update 3.1 banyak stuck layar hitam padahal sudah saya install ulang dan coba buat akun baru bisa masuk tapi pakai akun lama saat story quest 3.1 banyak stuck layar hitam nya yang lama padahal device mencukupi.
lily,positive,5,Makasih hsr kemarin aku udah di menangin rate off blade + lc nya🥰💗 sayang game baik
sant14ngo,negative,1,"The powercreep for this game is wild. It's really obvious how much stronger newer units are considering there's only 3(4 with technique) buttons we could press for combat. Recent endgame cater towards new chars, making older chars unviable despite having similar mechanics like said new chars. The fact that when you gacha it's either the rate up summon or the same 7 stand 5stars since 1.0 is insane. It doesn't feel like gacha to me. More so on paying with a discount to get the rate up banner."
Nadya Adira,positive,5,Game mihoyo yang gak pelit. Terima kasih game baik
XFarrelz Prasetya,negative,3,"Tolong perbaiki ,saya gacha berkali-kali dari Tahun kemarin sampai sekarang masih tidak ada riwayatnya,tolong jangan membuat pemain merasa kecewa!"
Aep Purrohman,positive,5,Gemanya hebat dan semua orang seru
Dicky,positive,4,"Hoyo kenapa gw selalu di kasih hard pity sih, gamenya bagus cuma developer nya terlalu kikir untuk ngasih karakter"
Esm0l,neutral,3,Dari segi reward sih sudah bagus tetapi tolong naikan presentasi mendapatkan crit rate ataupun crit damage pada relic
Abdi 97,negative,1,"Gameplay 10℅ ,, bacot 90℅ Ini game apa cerita buat tombol skip napa."
Dzulfadhli,positive,4,kebanyakan yapping & cerita hitam
Vega Gagan,negative,1,Cerita ga bisa di skip kocak ga kayak whuthering waves yang bisa di skip
Esca RezX,positive,3,"Untuk loading stage di Divergent universe sering ada blank/ black screen untuk versi PC nya, tolong diperbaiki"
Rizki kurniawan,negative,1,"Setelah update login eror terus, udah coba gonta ganti WIFI data WIFI data tetep sama login eror emg dari gamenya"
Tze J. Loyard,negative,1,"sediain tombol skipp, kalo lag ga enak bgt musti dari awal"
١١. ديماس سيبتيان فردوس,positive,3,Game hsr kebanyakan yapping kaya sidang isbat kemarin
Israhadi 93,negative,1,Powercreep dan ngantuk
Andri Prasetyo,positive,4,"i need an official cloud for this game, its a good game anyway!"
Aditi,positive,5,"Honkai: Star Rail bener-bener game terbest. Dari segi grafis sama alur cerita, semuanya dibuat bagus bangett. Petualangannya juga seru dan ga membosankan, meski memang ada banyak dialog yang agak berlebihan. Tapi seperti biasa, game dari Hoyoverse ga pernah gagal—selalu seru dan penuh kejutan. Semoga update selanjutnya makin menarik. makasii, Hoyoverse!"
Ninyoman Arisusanti,negative,1,Terlalu susah banyak musuh/boss yang susah 👎👎👎
Aryo Priambodo Sulistyo,positive,5,Game bagus gini
Andi Khalilah,positive,5,Game nya introvet banget jadi bagus deh♥️♥️
Memey,positive,5,Yes love💝
Billy dinar,positive,5,Game baik
Alex Fernando20,negative,1,Unduh data ngulang terus
Akbar Sheva Milano,negative,1,"Penyakit power creep gila, gimana ini hard pity terus di banner limited sama standar sama aja 3 kali gw harus dapet di pity 78, mana yang terakhir kalah lagi, ini gw main belum nyampe sebulan, tapi experience nya udah jelek banget, mungkin keberuntungan pemula gak berlaku disini, jadi gak enjoy main nya."
Firstta Hersma,negative,1,"Hai Mihoyo Saya sebagai player yang sudah lama tidak main dari v 1.0 ,ketika saya login HSR banyak sekali update2 baru dari story, event, Entah kenapa semakin kesini MOC makin sulit, kebanyakan karakter B5 yang kena power creep terkhusus karakter lama. Bukan itu saja, jeda karakter baru juga terlalu mepet. Iyasih Kark lama direrun, bukan berarti memperbaiki keadaan. Pliss mihoyo tolong buff karakter lama jangan setengah setengah. Banyakin event khusus player comeback"
Ivan Rakhmansyah,negative,1,Perbaiki game mu budjang
Rayhan Ramadhan,negative,1,Gara gara apdate gw kaga bisa login stuck di awal
Takumi Kun,positive,4,Ok
Kurosanzx,positive,4,"Salah satu game gacha yang sangat bagus dengan story yang menarik dan unik, Dunia yang sangat indah dan memukau, serta musik yang top tier. Namun tetap tak terlepas dari beberapa kelemahan, seperti Main Story yang terkadang bisa menjadi sangat membosankan seperti episode filler. Meta yang cepat sekali berubah. Sistem pity yang menyebalkan namun masih bisa diterima. Namun tetap game yang sangat bagus."
Arina Husna Kamila,negative,1,ini kenapa tiba-tiba banyak error ya?
Defina Nanda Kirana,negative,1,Pengunduhan data yang sangat lama
Hafizh Hilman Asyhari,positive,5,Bagus
Veltreas Von Defice,negative,1,Update yang bener lah ngapa update 2 GB jadi download 23gb
bayu saputra,negative,2,3.1 banyak bug
fakhri rizaki,negative,1,"Relic just scam, to hard for get event just 1, 1 patch i no one got good relic, i got one nice core (ITS was so hard), but sub stat so trash, i got all nice (use modeling resin+wishfull resin btw) but upgrade gacha so trash all def or hp up, not fun at all, wuthering waves more better then this game"
Faisal Yatwadinata,negative,3,"Setelah update path 3.1 loading masuk game jadi lama, mohon untuk dibenahi"
Sam Zam,positive,5,"This is good game but please can you add skip feature? The story is so long-winded, but after all it's good game"
Farid Atallah,negative,1,"Pas awal main d suruh mengunduh data, dan sudah selesai, saya udh main, lalu saya keluar bntr, mlh d suruh ngulang unduhnya, udh gitu 23rbMB lagi plsss lah ngapa gini gw blm sempet nikmatin gamenya. WHYY!!! GW UDH NUNGGU 2 JAM"
Zavani,positive,4,Hp ku kentang jadi ini ngelag parah
Gralesta Company,negative,3,Fc fc terus. Ga bisa log in. Parah Edit: udah lebih mendingan. Masih ada fc tpi jarang. Tapi login error msh sering terjadi terutama setwlah slse update
Dava ANG,positive,5,Ya bagus banget wow. Mending Turu
Jihan Afrilia,positive,5,Semua nya sudah sangat bagus makasih mang hoyo dah bikin ini game
Alexander Korosilov,positive,3,"Okelah dari story sekarang udah mulai bagus tapi yg harus diperbaiki saat ini adalah lamanya loading screen masuk ke game di saya bisa lebih dari 3 menit. Apakah masalah dalam resource hp, dsb Saran saya pihak developer memperbaiki Loading screen yg lama atau sedikit dirender dan juga meminimalisirkan grafis screen agar lumayan cepat masuk in game. Tambahan dev: aku mau membership bulanan atau yg 150k itu ganti ke bintang 5 aja dijamin laris👍 random pun jadi biar pada semangat beli"
Cahya Kusumadiri,negative,1,"PENYAKITNYA POWERCREEP GILA, STORY YAPPING ABIS, TIDAK ADA FITUR SKIP, GACHA RELIK+CHARACTER MAKIN SUSAH. SAYA SUDAH KECEWA!"
Flowlita Rosely,negative,3,tolong klo kasih mb nya jangan terlalu banyak
Ririuuu¿,positive,5,"Gamenya imup, storynya 10/10, gameplaynya juga bagus ngga ngeribetin ky yang ada tenggat waktunya, aku suka karena ada Sunday 💙 hoyo e6 kan sundayku oi"
Reysa Iman,negative,1,GAME TOLOL... BANYAK NGEBACOTNYA DRPD BATTLENYA...BATTLE 5 MENIT TP DIALOGNYA 5 JAM....UNINSTAL
Irfandi Subhan,negative,1,"Gacha artefaknya busuk,char tiap patch kena power creep,kurang balancing character"
Raihan Nugroho,negative,1,"Lama kelamaan membosankan ceritanya,kebanyakan dialog,dah gitu cuma gerak gitu2 doang,dah gitu konten end game makin lama makin susah"
Ghozi Rafi Rabbani (Zyyyy),positive,5,game bgs... tpi hp gua gak kuat... untung mao gnti...
Jeb,positive,5,"Makasih, Hoyo. Sudah menciptakan karakter seindah, secantik, sesempurna, setampan, seganteng, seimut, semanis Anaxagoras ♡♡."
Dharius Leo Fandy,negative,1,"game sampah, wish harus pity 80 terus"
Novia Dwi Kumalasari,positive,5,"A little bit boring, but i'm having fun playing this game 🤌👍"
RAFA KURNIA PRATAMA,negative,1,"sumpah wak gw muak sama masalah login yang eror code itu harus di ulang ulang berkali kali baru bisa masuk padahal hp sama jaringan internet baik baik aja buka aplikasi lain jg ga ada kendala jaringan, tolong lah masalah eror pada saat login di perbaiki, sama saya jg kecewa dengan VA bahasa inggris banyak yang menghilang jadi nya pengalaman saat story terasa lebih boring daripada sebelum nya"
anaya,negative,2,"story nya makin kesini makin ngelantur & kebanyakan dialog, padahal bisa langsung to the point aja. kebanyakan orang pasti keburu males kalo udh mau penutupan planet / story krn ngantuk di dialog² sebelumnya yang kurang berpengaruh ke story itu sendiri. apalagi powercreep yang waduh banget wkkwkwk, masih untung player nya ga kaya player mainland gim kikir yg ngadu ke pengadilan grgr neu kena nerf"
Ceabo,negative,1,The power creep is so absurd now
Tristan hanafi,positive,5,Ini game sangat 😎
Haruki,positive,5,CHAR NYA GANTENG GANTENG RAHHHH 🔥🔥👅👅
Valdo Panding,positive,5,Gooner game
Danda Putra,negative,1,Kasih lah opsi skip story minimal di misi hijau atau misi dunia itu sangat tidak masuk akal mengerjakan misi yang bisa sampai 2 jam dan hening (Tanpa cut scene dan voice) hanya untuk mendapatkan hadiah yang minimum
ファレル,positive,4,"Bagus, tapi bisa mintol dialog nya di perdikit dan cutscene nya diperbanyak 🗿, minus nya gampang ketiduran cok main ni game"
Sahacing么,negative,1,"Mulai Ampas sejak Kedatangan Banner Acheron, Ntah Story, Event, Konten End Game Dll, apalagi Penyakit yang gak Ada obat nya, Powercreep Gila"
Vicktor Reggie,negative,1,too demanding to pull every 5 star
Akbarudin Putra,negative,1,"Sering terjadi BUG saat memasuki Divergent Universe terbaru ini seperti layar hitam saat memasuki pertempuran, animasi siang/malam tiba yang stuck dan tidak bisa menghilang, hilangnya BGM setiap fase siang/malam terjadi. SEGERA PERBAIKI!!!"
Aileen adelia,negative,1,"Banyak yapping, balancing sampah buat luh yg ngeharepin ini game casual dan karena casual ini game santai dan luh bisa gacha char apa aja tanpa khawatir?di game ini kalau luh ingin ngehadepin Konten end game nya luh gak bisa santai ataupun gacha sesuka hati luh , luh harus gacha ngikutin META yang ada kalau kagak? 100% bakalan Try hard , ini game santai? Oh tentu enggak luh ketinggalan 1 patch aja langsung Berasa kek udah hiatus selama 1 tahun , char yg luh pake skrg bbrp patch jg bakal gk kepke"
Vincent Ryuu,negative,3,"Hoyo tolong ini knp setelah update 3.1 di PC pas main bug layar hitam, cuma ada suara doang pas main Divergent Universe yang baru pliss tolong di benerin secepatnya"
QUANEISHA ATHIFA,positive,4,"Overall udh bagus, tpi kesel bgt sm fans² hsr yg g bisa bgt g nyenggol² fans² game hoyo yg lain ntah itu genshin, hi3, zzz disenggol semua, mereka mengganggap hsr itu yg paling WAW gtu paling niat story pling bgs dll, pdhl semua game itu punya kelebihan dan kekurangan nya masing-masing jd g usah di banding-bandingin."
Hilmy Irshando,negative,2,"Sudah update versi 3,1 makin parah. Sudah bermain sebentar hp sudah panas sedikit, langsung ngeframe, dan lag. Update harusnya semakin lancar dongg, bukannya makin ngelag"
Wahai Manusia,negative,1,"bikin hp rusak, saat login terjadi lag hp ga bisa dibuka/dimatiin daya sama sekali"
Cyber Gaming,negative,1,"Game cacat banyak sekali bug setelah update ini...mulai dari black screen waktu quest, loading screen yg lama, waktu pertandingan di DU malah nge stuck musuhnya gk keluar²,"
Kai,positive,5,"once I believe love would be black and white, but it's golden, goldenn!"
Ananda Kosen,positive,5,"Mudah dimainkan ceritanya bagus, hanya naman karakter nya B aja . Tp overall A ni game"
Sadewo H.D,positive,4,"Rate chance gacha sangat parah, terlalu sering kalah rate off, padahal dituntut untuk Meta hingga membuat tidak semangat bermain, sudah Top Up tp tidak mengatasi karena selalu dapat pity tinggi 😑"
Rizvie Ahmad,positive,5,"Game bagus, saya terhibur dengan game ini."
Bimabims,positive,5,Tolong tambah fitur skip dialog
Ahmad Muwaffaq,positive,5,Efek badas hp panas🔥🔥🔥
Reza Septian,negative,1,"Im always stuck on train loading screen after tp to the new map story, and still stuck 😭😭😭"
Venokrama Chevalier,positive,4,Haiyyaaa bagus'o tapi kadang sa bosan'o
Muhammad Al Fatih,positive,5,"I LOVE YOU MIHOYO AND HONKAI STAR RAIL, I REALY LOVE THIS GAME. AND THANK YOU TO GIVE TRIBBIE IN 20 PULL. I LOVE YOU MIHOYO"
Rafano,positive,5,TERIMAKASIH GAME BAIK
Saya tak Hoki,positive,5,kerenn
Farhat 3126,negative,1,"Akun Saya Kena To many Request Dari 4 bln yang lalu belum bisa login sampai sekarang, sudah lapor email tidak ada jawaban Padahal Pengen Main lagi Tolong Di perbaiki"
Nat Suki,positive,5,"Game bagus,grafik, karakter semuanya bagus cuma yang perlu diperbaiki pas login lama banget harus nung mb ribuan kalo bisa ganti dengan yang cepat"
Henny Martika,positive,5,"Aku suka banget game ini!!!!! Banyak yang komen negatif di ver 3.0, sesungguhnya menurut saya, story pace nya sudah ok, tidak cepat & tidak lambat meski terlihat kayak biasa aja, tapi ini malah bagus. Karena tujuan mereka dalam 1 periode ini bakalan full mengenai planet amphoreus, yeah kalau too hype bakalan overwhelming jg kan.. Current battle system, HP POWERCREEP! so annoying for F2P seperti aq.. wkwkwkwk.. seriously.. meski begitu, aq masih cinta ama ni game 🤭"
SIGIT PAMUJI,negative,2,Sistem gachanya ampas banget dah masa baru main langsung dikasih rate off 2 kali bikin males aja
Ashym,negative,1,Power creep meresahkan
rixcardo x,negative,3,penula pity 160 baru dapat kacau bro
Cry staly,positive,5,Bagus ko
MrAruka,positive,5,Game bagus
Effriandy Juniansa,positive,5,Nice game
Muhajir Mahmud,positive,5,makasih game baik
Mutqnn,negative,1,"Semua nya sudah bagus , tapi end game kontennya tidak ramah f2p . Tidak semua f2p bisa gacha charakter tiap patch hanya untuk memenuhi end game konten"
Akun dani,negative,1,Game pelit!!!! Game yang sangat menjijikkan karena apa ya tentu saja karena sistem gacha nya yang selalu zonk!!! Ku harap pihak dari game ini mengerti bagaimana nasib para pemain
Mira Mewing,negative,3,"Parah banget, maksa buat terus gacha"
Info. In,positive,5,"Main Dari awal rilis sampai patch terakhir dgn hp kentangku. Lmayan hiburan dan stylenya ga se kompe genshin, kadang suka ketiduran sambol autoplay. Mantap aja sih. Desain karakternya mohon dibikin lebih aduhai lagi biar ga ngantuk ya?"